Actual Density,Mean SDE, Min SDE, Max SDE,SDE Range
1124.7098,4.0333333,2.4,5.2,2.8
821.86725,2,1.2,3.6,2.4
104.87723,1.9,1,2.8,1.8
531.59436,1.9,1,2.8,1.8
112.254555,1.9,1,2.8,1.8
300.12393,1.9,1,2.8,1.8
39.38516,1.9,1,2.8,1.8
1020.17633,3.3999999,2.4,3.9,1.5
931.20874,1.4,1.2,1.8000001,0.6000001
130.53053,1,1,1,0
502.2682,1,1,1,0
115.46927,1,1,1,0
357.272,1,1,1,0
64.457634,1,1,1,0
910.7768,3.0805557,2.3,3.8500001,1.5500001
1057.7858,1.4,1.2,1.8000001,0.6000001
1152.2637,0.9,0.8,1,0.2
150.0207,1,1,1,0
470.0668,1,1,1,0
89.974594,1,1,1,0
423.27484,1,1,1,0
64.61551,1,1,1,0
870.86206,3.0555556,2.3,3.8000002,1.5000002
1191.0928,1.4,1.2,1.8000001,0.6000001
966.8044,1,1,1,0
166.91328,1,1,1,0
396.5565,1,1,1,0
70.58324,1,1,1,0
65.0405,1,1,1,0
841.604,3.0638888,1.4000001,3.8500001,2.45
1339.4661,1.4,1.2,1.8000001,0.6000001
796.4057,1,1,1,0
177.98517,1,1,1,0
313.09604,1,1,1,0
34.82375,1,1,1,0
55.975517,1,1,1,0
809.7675,3.0611112,1.4000001,3.8500001,2.45
1470.2548,1.4,1.2,1.8000001,0.6000001
637.3335,1,1,1,0
187.8689,1,1,1,0
232.06563,1,1,1,0
3.139929,1,1,1,0
204.77054,0.9,0.8,1,0.2
61.197964,1,1,1,0
820.68164,2.7527778,1.4000001,3.75,2.3499999
2229.259,1.5,1.2,1.8000001,0.6000001
496.66614,1,1,1,0
194.33478,1,1,1,0
154.12628,1,1,1,0
41.94563,1,1,1,0
286.1865,1,1,1,0
70.94613,1,1,1,0
821.9829,2.7416668,1.4000001,3.75,2.3499999
274.19983,1,1,1,0
372.45935,1,1,1,0
196.04779,1,1,1,0
735.33856,1,1,1,0
79.22451,1,1,1,0
76.81187,1,1,1,0
363.22998,1,1,1,0
71.52082,1,1,1,0
847.2332,2.7416668,1.4000001,3.75,2.3499999
276.71042,1,1,1,0
266.18805,1,1,1,0
195.67775,1,1,1,0
590.7594,1,1,1,0
2.616117,1,1,1,0
111.0784,1,1,1,0
457.08734,1,1,1,0
66.329414,1,1,1,0
958.914,2.7416668,1.4000001,3.75,2.3499999
275.30978,1,1,1,0
183.58815,1,1,1,0
196.04291,1,1,1,0
468.89362,1,1,1,0
72.221214,1,1,1,0
140.77847,1,1,1,0
539.6778,1,1,1,0
59.411522,1,1,1,0
1062.7638,2.7416668,1.4000001,3.75,2.3499999
268.36713,1,1,1,0
120.783676,1,1,1,0
199.78606,1,1,1,0
383.07925,1,1,1,0
146.18918,1,1,1,0
172.15909,1,1,1,0
600.34937,1,1,1,0
52.290012,1,1,1,0
1157.2711,2.7416668,1.4000001,3.75,2.3499999
254.7774,1,1,1,0
80.822815,1,1,1,0
200.27487,1,1,1,0
304.93466,1,1,1,0
212.73636,1,1,1,0
204.76624,1,1,1,0
690.4246,1,1,1,0
33.426037,1,1,1,0
1262.8973,2.7416668,1.4000001,3.75,2.3499999
241.42902,1,1,1,0
94.377144,1,1,1,0
202.25728,1,1,1,0
232.5849,1,1,1,0
284.59415,1,1,1,0
242.748,1,1,1,0
765.4859,1,1,1,0
13.637324,1,1,1,0
2317.3083,2.647619,1.4000001,3.8000002,2.4000001
229.82513,1,1,1,0
81.53277,1,1,1,0
203.36655,1,1,1,0
161.53062,1,1,1,0
349.50937,1,1,1,0
290.9751,1,1,1,0
861.73517,1,1,1,0
19.40959,1,1,1,0
2303.7495,2.3714287,1.2,3.0666668,1.8666668
221.82533,1,1,1,0
64.31185,1,1,1,0
200.87805,1,1,1,0
102.60156,1,1,1,0
414.95468,1,1,1,0
348.23785,1,1,1,0
951.05176,1,1,1,0
32.692192,1,1,1,0
2286.1062,2.3428571,1.2,3,1.8
214.45695,1,1,1,0
36.401924,1,1,1,0
194.70166,1,1,1,0
63.368607,1,1,1,0
475.7729,1,1,1,0
407.37732,1,1,1,0
1015.7293,1,1,1,0
46.05085,1,1,1,0
2272.2522,2.0571427,1.2,2.9333334,1.7333334
150.5006,1,1,1,0
8.853493,1,1,1,0
184.01465,1,1,1,0
138.87843,1,1,1,0
513.81116,1,1,1,0
466.94696,1,1,1,0
1069.1548,1,1,1,0
63.237064,1,1,1,0
1939.9061,2.3583333,1.4000001,3.65,2.2499999
143.65544,1,1,1,0
49.311783,1,1,1,0
181.91968,1,1,1,0
182.07774,1,1,1,0
551.50385,1,1,1,0
541.12805,1,1,1,0
1072.6501,1,1,1,0
89.423996,1,1,1,0
1896.3823,2.1166666,1.4000001,2.8000002,1.4000001
116.0036,1,1,1,0
83.821495,1,1,1,0
179.928,1,1,1,0
235.05624,1,1,1,0
569.025,1,1,1,0
457.12964,1,1,1,0
1079.5872,1,1,1,0
112.87816,1,1,1,0
1846.6371,2.0333333,1.2,2.8000002,1.6000002
80.982506,1,1,1,0
114.135284,1,1,1,0
179.3017,1,1,1,0
279.1298,1,1,1,0
539.2529,1,1,1,0
386.05304,1,1,1,0
1097.5568,1,1,1,0
153.13924,1,1,1,0
1819.3632,2.3222225,2,2.8666668,0.8666668
19.46213,1,1,1,0
141.558,1,1,1,0
179.40504,1,1,1,0
328.7439,1,1,1,0
310.59177,1,1,1,0
1114.4585,1,1,1,0
193.37827,1,1,1,0
2127.8108,2.0285714,1.2,2.8000002,1.6000002
12.594736,1,1,1,0
146.47176,1,1,1,0
181.4459,1,1,1,0
366.51398,1,1,1,0
236.11755,1,1,1,0
1131.7933,1,1,1,0
245.27632,1,1,1,0
2128.2747,2.0285714,1.2,2.8000002,1.6000002
6.0770626,1,1,1,0
148.73157,1,1,1,0
182.60957,1,1,1,0
403.2489,1,1,1,0
181.61856,1,1,1,0
1148.0413,1,1,1,0
296.4465,1,1,1,0
2568.7297,1.575,1.2,2,0.8
8.581502,1,1,1,0
136.42404,1,1,1,0
205.51747,2.0666666,2,2.1,0.1
190.56686,1,1,1,0
484.92987,1,1,1,0
148.20915,1,1,1,0
1153.2255,1,1,1,0
339.84137,1,1,1,0
2632.1838,1.55,1.2,1.9000001,0.7000001
53.213535,1,1,1,0
1149.3799,1.9583334,1.4000001,2.7333333,1.3333332
291.66495,2,2,2,0
568.15186,1,1,1,0
117.26732,1,1,1,0
1159.1005,1,1,1,0
388.26306,1,1,1,0
2683.414,1.55,1.2,1.9000001,0.7000001
26.505802,1,1,1,0
1140.4801,2.0833335,1.4000001,2.7333333,1.3333332
380.90894,2,2,2,0
648.14514,1,1,1,0
52.375523,1,1,1,0
1165.0109,1,1,1,0
398.67487,1,1,1,0
2729.277,1.55,1.2,1.9000001,0.7000001
51.771603,1,1,1,0
1138.2766,2.0833335,1.4000001,2.7333333,1.3333332
458.5632,2,2,2,0
769.7486,1,1,1,0
35.45342,1,1,1,0
1169.7495,1,1,1,0
398.68213,1,1,1,0
2432.8342,1.7333333,1.2,2.6666667,1.4666667
45.201992,1,1,1,0
1113.5879,2.0833335,1.4000001,2.7333333,1.3333332
528.00934,2,2,2,0
905.27124,1,1,1,0
113.86854,1,1,1,0
1164.326,1,1,1,0
1817.7332,1.55,1.2,1.9000001,0.7000001
36.08252,1,1,1,0
1069,2.0833335,1.4000001,2.7333333,1.3333332
604.8497,2,2,2,0
1054.8608,1,1,1,0
209.22707,1,1,1,0
1155.3939,1,1,1,0
3693.5457,1.7111111,1,2.6666667,1.6666667
23.84716,1,1,1,0
1045.144,2.0833335,1.4000001,2.7333333,1.3333332
677.2477,2,2,2,0
1171.8121,1,1,1,0
1149.8439,1,1,1,0
3685.2424,1.7555555,1.2,2.7333333,1.5333333
12.602897,1,1,1,0
1027.7728,2.0833335,1.4000001,2.7333333,1.3333332
732.4594,2,2,2,0
1163.8639,1,1,1,0
1344.0607,1.9833333,1.2,2.7333333,1.5333333
3646.082,2.038889,1.2,2.8000002,1.6000002
12.708014,1,1,1,0
992.40314,2.0833335,1.4000001,2.7333333,1.3333332
1174.5708,1,1,1,0
1286.8336,1.65,1.2,2.1,0.9
2055.0906,2.0733333,1.2,2.8666668,1.6666668
33.131485,1,1,1,0
968.7282,2.0833335,1.4000001,2.7333333,1.3333332
1159.1328,1,1,1,0
1236.2698,2.0583334,1.4000001,2.7333333,1.3333332
1964.8525,2.0400002,1.2,2.8000002,1.6000002
55.521893,1,1,1,0
953.9376,2.0833335,1.4000001,2.7333333,1.3333332
1140.3948,1,1,1,0
1186.2456,2.0833333,1.4000001,2.7333333,1.3333332
1883.1064,2.0400002,1.2,2.8000002,1.6000002
82.198425,1,1,1,0
942.12915,2.0833335,1.4000001,2.7333333,1.3333332
1110.69,1,1,1,0
2166.3733,2.0466666,1.2,2.8000002,1.6000002
1827.1022,2.0400002,1.2,2.8000002,1.6000002
112.51884,1,1,1,0
1625.5079,2.17,1.6,3.45,1.85
1086.6846,1,1,1,0
2073.3286,2.1200001,1.4000001,2.8000002,1.4000001
1291.4004,2.1,1.4000001,2.8000002,1.4000001
149.55234,1,1,1,0
1527.7513,2.7900002,2.3,3.55,1.25
1057.8019,1,1,1,0
1994.678,2.5066667,1.6,3.6000001,2.0000001
1189.6726,2.0833333,1.4000001,2.7333333,1.3333332
174.65784,1,1,1,0
1467.2742,2.8600001,2.3,3.7,1.4
1200.8048,0.9,0.8,1,0.2
997.361,1,1,1,0
1934.4875,2.5466666,1.6,3.6000001,2.0000001
1088.6499,2.0833333,1.4000001,2.7333333,1.3333332
154.86339,1,1,1,0
1377.2184,2.8600001,2.3,3.7,1.4
1175.3535,1,1,1,0
932.76544,1,1,1,0
1876.7266,2.25,1.6,3.55,1.95
977.1679,2.0833333,1.4000001,2.7333333,1.3333332
157.53331,1,1,1,0
1287.6628,2.8600001,2.3,3.7,1.4
1156.4392,1,1,1,0
889.89606,1,1,1,0
1831.456,2.22,1.6,3.5,1.9
1022.1808,2.0833333,1.4000001,2.7333333,1.3333332
171.612,1,1,1,0
1303.0315,2.5133336,1.4000001,3,1.5999999
1157.9381,1,1,1,0
859.3343,1,1,1,0
1786.1133,2.22,1.6,3.5,1.9
1049.8616,2.0833333,1.4000001,2.7333333,1.3333332
180.31386,1,1,1,0
1247.1394,2.4666667,1.4000001,2.9333334,1.5333333
1147.2856,1,1,1,0
865.71436,1,1,1,0
1727.8392,2.22,1.6,3.5,1.9
1073.2411,2.0833333,1.4000001,2.7333333,1.3333332
191.80647,1,1,1,0
1191.62,2.8466668,1.6,3.7,2.1
1138.0541,1,1,1,0
869.51654,1,1,1,0
856.75287,2.1583333,1.6,2.7333333,1.1333333
1813.4216,2.21,1.6,3.45,1.85
205.4015,1,1,1,0
1131.2966,2.9,1.6,3.7,2.1
1123.43,1,1,1,0
859.2593,1,1,1,0
1021.16974,2.0833335,1.4000001,2.7333333,1.3333332
1871.6973,1.7333333,1.2,2.6666667,1.4666667
967.8846,0.9,0.8,1,0.2
228.80289,1,1,1,0
1060.6847,2.9,1.6,3.7,2.1
1093.6576,1,1,1,0
841.8929,1,1,1,0
1568.821,2.02,1.2,2.8000002,1.6000002
1941.111,1.7333333,1.2,2.6666667,1.4666667
937.29047,1,1,1,0
263.7688,1,1,1,0
983.8369,2.9,1.6,3.7,2.1
1059.3029,1,1,1,0
829.53253,1,1,1,0
1763.9672,2.0400002,1.2,2.8000002,1.6000002
1991.235,1.7333333,1.2,2.6666667,1.4666667
882.1985,1,1,1,0
314.05316,1,1,1,0
962.554,2.9,1.6,3.7,2.1
994.75555,1,1,1,0
817.10455,1,1,1,0
1945.638,1.6599998,1.2,2,0.8
2038.6531,1.7333333,1.2,2.6666667,1.4666667
849.7867,1,1,1,0
361.65707,1,1,1,0
974.6434,2.9,1.6,3.7,2.1
962.2965,1,1,1,0
803.46844,1,1,1,0
2114.866,1.6400001,1.2,2,0.8
2087.845,1.7333333,1.2,2.6666667,1.4666667
817.733,1,1,1,0
394.78812,1,1,1,0
971.59045,2.9,1.6,3.7,2.1
904.0666,1,1,1,0
795.3272,1,1,1,0
2294.7168,1.6400001,1.2,2,0.8
2134.8525,1.7333333,1.2,2.6666667,1.4666667
789.16406,1,1,1,0
340.63895,1,1,1,0
960.50793,2.4933333,1.4000001,3,1.5999999
836.6833,1,1,1,0
788.1039,1,1,1,0
4921.4595,1.8296297,1.2,2.6666667,1.4666667
744.6815,1,1,1,0
310.20248,1,1,1,0
1064.8894,2.4666667,1.4000001,2.9333334,1.5333333
745.2168,1,1,1,0
636.03375,1,1,1,0
759.39,1,1,1,0
5029.125,1.837037,1.2,2.7333333,1.5333333
677.7914,1,1,1,0
231.42601,1,1,1,0
1166.9924,2.4666667,1.4000001,2.9333334,1.5333333
658.1323,1,1,1,0
526.6452,1,1,1,0
724.02045,1,1,1,0
920.5994,1.4000001,1.2,1.8000001,0.6000001
1547.8038,1.6999999,1.2,2,0.8
602.8358,1,1,1,0
155.09717,1,1,1,0
459.0019,2.5666666,2.2,2.9333334,0.7333334
580.435,1,1,1,0
445.39462,1,1,1,0
688.70264,1,1,1,0
960.5303,1.4000001,1.2,1.8000001,0.6000001
1458.0215,1.9666667,1.2,2.8000002,1.6000002
518.98395,1,1,1,0
97.05299,1,1,1,0
527.26245,2.5333333,2.2,2.8666668,0.6666668
493.7881,1,1,1,0
391.64478,1,1,1,0
650.4342,1,1,1,0
1019.19257,1.4000001,1.2,1.8000001,0.6000001
610.64374,2.0666666,2,2.1,0.1
413.31732,1,1,1,0
716.04266,1.4333334,1.2,1.9000001,0.7000001
30.336609,1,1,1,0
617.05853,2.1416667,1.4000001,2.8666668,1.4666667
396.16534,1,1,1,0
341.5217,1,1,1,0
582.05914,1,1,1,0
3852.1262,1.6666666,1.2,2,0.8
586.0076,2,2,2,0
299.37555,1,1,1,0
25.94545,1,1,1,0
717.49866,1.55,1.2,1.9000001,0.7000001
302.04868,1,1,1,0
616.03015,0.9,0.8,1,0.2
304.04883,1,1,1,0
514.72784,1,1,1,0
574.51154,2,2,2,0
212.3998,1,1,1,0
2847.3423,1.6600001,1.2,2,0.8
92.93504,1,1,1,0
824.4415,1.55,1.2,1.9000001,0.7000001
216.5812,1,1,1,0
602.21655,1,1,1,0
265.5445,1,1,1,0
476.94748,1,1,1,0
584.21686,2,2,2,0
2778.871,1.64,1.2,2,0.8
162.83492,1,1,1,0
932.95496,1.55,1.2,1.9000001,0.7000001
144.04326,1,1,1,0
587.8145,1,1,1,0
231.66002,1,1,1,0
445.34985,1,1,1,0
604.34686,2,2,2,0
2715.1528,1.64,1.2,2,0.8
236.65979,1,1,1,0
1026.8185,1.55,1.2,1.9000001,0.7000001
95.389404,1,1,1,0
581.9388,1,1,1,0
193.79184,1,1,1,0
416.12766,1,1,1,0
627.4506,2,2,2,0
2663.3354,1.96,1.2,2.8000002,1.6000002
330.54053,1,1,1,0
1117.8632,1.55,1.2,1.9000001,0.7000001
37.978085,1,1,1,0
554.30914,1,1,1,0
165.11241,1,1,1,0
392.95016,1,1,1,0
650.5976,2,2,2,0
2647.0464,2.04,1.2,2.8000002,1.6000002
434.77106,1,1,1,0
249.09813,1.1,1,1.2,0.2
4.781293,1,1,1,0
69.611595,1,1,1,0
509.65988,1,1,1,0
125.135056,1,1,1,0
354.29916,1,1,1,0
689.4919,2,2,2,0
2707.1367,2.0095239,1,2.8666668,1.8666668
556.68445,1,1,1,0
260.87308,1,1,1,0
27.536867,1,1,1,0
49.29699,1,1,1,0
453.91602,1,1,1,0
310.5784,1,1,1,0
741.76465,2,2,2,0
2707.4219,2.047619,1.2,2.8666668,1.6666668
682.2052,1,1,1,0
283.6018,1,1,1,0
40.019882,1,1,1,0
16.252811,1,1,1,0
383.88214,1,1,1,0
276.53516,1,1,1,0
746.5274,2,2,2,0
2691.8801,2.047619,1.2,2.8666668,1.6666668
814.3841,1,1,1,0
301.76166,1,1,1,0
48.337807,1,1,1,0
5.4347134,1,1,1,0
308.88104,1,1,1,0
213.45961,1,1,1,0
750.3807,1.4333334,1.2,1.9000001,0.7000001
2718.1184,2.047619,1.2,2.8666668,1.6666668
978.85614,1,1,1,0
317.56674,1,1,1,0
87.54557,1,1,1,0
37.056454,1,1,1,0
248.6388,1,1,1,0
160.85634,1,1,1,0
749.8804,1.4,1.2,1.8000001,0.6000001
2737.7385,2.047619,1.2,2.8666668,1.6666668
1173.2041,1,1,1,0
331.64832,1,1,1,0
143.84259,1,1,1,0
59.985664,1,1,1,0
190.7002,1,1,1,0
127.433235,1,1,1,0
758.8223,1.4,1.2,1.8000001,0.6000001
2741.2368,2.2857144,1.2,2.9333334,1.7333334
341.44385,1,1,1,0
210.73206,1,1,1,0
83.047356,1,1,1,0
150.76381,1,1,1,0
779.7058,1.4,1.2,1.8000001,0.6000001
2755.7708,2.6095238,1.2,3.7,2.5
348.15784,1,1,1,0
259.9477,1,1,1,0
92.85638,1,1,1,0
114.305244,1,1,1,0
792.2529,1.4,1.2,1.8000001,0.6000001
1202.7654,2.8833334,2.3,3.75,1.45
352.17883,1,1,1,0
331.11694,1,1,1,0
114.07903,1,1,1,0
490.00552,1,1,1,0
66.06202,1,1,1,0
812.00507,1.4,1.2,1.8000001,0.6000001
1092.4036,2.8600001,2.3,3.7,1.4
350.31195,1,1,1,0
117.740524,1,1,1,0
477.53244,1,1,1,0
12.724761,1,1,1,0
100.948166,0.9,0.8,1,0.2
1581.0653,2.2791667,1.2,3,1.8
352.87946,1,1,1,0
110.88357,1,1,1,0
486.913,1,1,1,0
21.868969,1,1,1,0
76.905525,1,1,1,0
1426.5598,2.3000002,1.2,3,1.8
354.2363,1,1,1,0
115.53346,1,1,1,0
488.24377,1,1,1,0
1519.7806,1.3000001,1,1.7,0.7
46.665424,1,1,1,0
1285.4531,2.3000002,1.2,3,1.8
356.11386,1,1,1,0
122.3871,1,1,1,0
482.86887,1,1,1,0
1441.9791,1.4,1.2,1.8000001,0.6000001
15.679138,1,1,1,0
1184.3126,2.3000002,1.2,3,1.8
365.5769,1,1,1,0
138.09657,1,1,1,0
477.31335,1,1,1,0
1375.0077,1.4,1.2,1.8000001,0.6000001
78.68625,1,1,1,0
1196.7563,2.5479167,1.2,3.75,2.55
335.4265,1,1,1,0
154.2366,1,1,1,0
460.76572,1,1,1,0
1152.633,0.9,0.8,1,0.2
1317.0543,1.4,1.2,1.8000001,0.6000001
150.84981,1,1,1,0
1204.0221,2.5895834,1.4000001,3.75,2.3499999
357.52164,1,1,1,0
192.9178,1,1,1,0
436.22336,1,1,1,0
1070.8103,1,1,1,0
1254.3688,1.4,1.2,1.8000001,0.6000001
196.31264,1,1,1,0
1208.5511,2.5895834,1.4000001,3.75,2.3499999
255.80472,1,1,1,0
241.6812,1,1,1,0
422.64618,1,1,1,0
977.02545,1,1,1,0
1194.1368,1.4,1.2,1.8000001,0.6000001
233.82356,1,1,1,0
1215.9657,2.3416667,1.4000001,2.9333334,1.5333333
197.9213,1,1,1,0
295.75232,1,1,1,0
400.8425,1,1,1,0
868.0597,1,1,1,0
1113.2009,1.4,1.2,1.8000001,0.6000001
251.33678,1,1,1,0
1226.4958,2.3333335,1.4000001,2.9333334,1.5333333
147.94525,1,1,1,0
358.95877,1,1,1,0
377.80508,1,1,1,0
740.2266,1,1,1,0
1032.4056,1.4,1.2,1.8000001,0.6000001
260.2238,1,1,1,0
1299.0704,1.3333334,1,1.8000001,0.8000001
144.00128,0.9,0.8,1,0.2
727.62225,2.125,1.4000001,2.8000002,1.4000001
104.002556,1,1,1,0
438.68433,1,1,1,0
347.31656,1,1,1,0
985.1763,1.4,1.2,1.8000001,0.6000001
158.41881,2.0333333,2,2.1,0.1
253.72887,1,1,1,0
1106.2083,1.9333334,1.9000001,2,0.0999999
286.82867,1,1,1,0
814.9466,2.0833333,1.4000001,2.7333333,1.3333332
66.24562,1,1,1,0
500.6513,1,1,1,0
327.65494,1,1,1,0
932.2518,1.4,1.2,1.8000001,0.6000001
81.17005,2,2,2,0
216.30017,1,1,1,0
964.17334,2,2,2,0
414.7591,1,1,1,0
893.29004,2.0833333,1.4000001,2.7333333,1.3333332
113.491135,1,1,1,0
588.4056,1,1,1,0
307.12903,1,1,1,0
872.7321,1.4,1.2,1.8000001,0.6000001
88.35635,2,2,2,0
176.04492,1,1,1,0
873.9204,2,2,2,0
533.94165,1,1,1,0
1140.928,2.3190477,1.4000001,2.8666668,1.4666667
144.0012,1,1,1,0
2257.6997,1.5800002,1,2,1
285.127,1,1,1,0
103.51775,1,1,1,0
806.7224,2,2,2,0
610.9864,1,1,1,0
1211.5475,2.3428571,1.4000001,2.9333334,1.5333333
181.98688,1,1,1,0
2183.5974,1.6400001,1.2,2,0.8
247.98686,1,1,1,0
11.600067,1,1,1,0
1113.8185,0.9,0.8,1,0.2
714.4008,2,2,2,0
659.88763,1,1,1,0
1295.6731,2.3428571,1.4000001,2.9333334,1.5333333
215.66866,1,1,1,0
2132.3293,1.6400001,1.2,2,0.8
204.21136,1,1,1,0
92.53407,1,1,1,0
918.1431,1,1,1,0
623.50793,2,2,2,0
641.6942,1,1,1,0
1428.9998,2.0285714,1.2,2.8000002,1.6000002
277.46036,1,1,1,0
2102.6821,2.0466666,1.2,2.8000002,1.6000002
163.36046,1,1,1,0
210.42503,1,1,1,0
736.45917,1,1,1,0
534.68915,2,2,2,0
592.8775,1,1,1,0
1577.3671,2.0285714,1.2,2.8000002,1.6000002
358.76712,1,1,1,0
2167.655,2.1200001,1.4000001,2.8000002,1.4000001
141.21774,1,1,1,0
334.36566,1,1,1,0
569.80896,1,1,1,0
482.86563,2,2,2,0
560.68536,1,1,1,0
2616.05,2.0333333,1.2,2.8666668,1.6666668
927.49194,1.3333334,1,1.8000001,0.8000001
122.842316,1,1,1,0
1650.7892,2.0833335,1.4000001,2.7333333,1.3333332
467.61255,1,1,1,0
421.33994,1,1,1,0
429.5111,2,2,2,0
542.264,1,1,1,0
2649.3843,2.0583334,1.2,2.8666668,1.6666668
1000.95636,1.4,1.2,1.8000001,0.6000001
111.98728,1,1,1,0
1672.0664,2.0833335,1.4000001,2.7333333,1.3333332
608.3663,1,1,1,0
294.2307,1,1,1,0
391.2803,2,2,2,0
515.4463,1,1,1,0
1656.0293,2.1200001,1.4000001,2.8000002,1.4000001
1088.5576,1.4,1.2,1.8000001,0.6000001
116.691124,1,1,1,0
1692.2045,2.0833335,1.4000001,2.7333333,1.3333332
1958.8146,1.4333334,1.2,1.9000001,0.7000001
761.51196,1,1,1,0
185.52904,1,1,1,0
400.28134,2,2,2,0
461.44434,1,1,1,0
1630.9731,2.1200001,1.4000001,2.8000002,1.4000001
1180.2628,1.4,1.2,1.8000001,0.6000001
2925.7644,2.075,1.2,3.55,2.35
115.38712,1,1,1,0
2096.3696,1.4,1.2,1.8000001,0.6000001
81.341644,1,1,1,0
413.34024,2,2,2,0
392.06067,1,1,1,0
1607.7983,1.72,1.4000001,2,0.5999999
1249.6202,1.4,1.2,1.8000001,0.6000001
2937.634,2.1416667,1.2,3.55,2.35
101.60706,1,1,1,0
2226.492,1.4,1.2,1.8000001,0.6000001
24.147097,1,1,1,0
404.78738,2,2,2,0
2074.9824,1.7111111,1.2,2.6666667,1.4666667
296.1946,1,1,1,0
1304.1395,1.4,1.2,1.8000001,0.6000001
2979.2295,2.1416667,1.2,3.55,2.35
90.419586,1,1,1,0
2387.4187,1.4,1.2,1.8000001,0.6000001
109.085045,1,1,1,0
377.1752,2,2,2,0
2004.841,2.0333335,1.2,2.8666668,1.6666668
165.84824,1,1,1,0
1352.8274,1.4,1.2,1.8000001,0.6000001
3462.7446,2.1,1.2,2.8000002,1.6000002
79.40701,1,1,1,0
601.96533,1,1,1,0
161.13145,1,1,1,0
330.9454,2,2,2,0
1264.7913,2.125,1.4000001,2.8000002,1.4000001
25.221788,1,1,1,0
614.3546,1.1,1,1.2,0.2
1367.1239,1.4,1.2,1.8000001,0.6000001
3429.6067,2.04,1.2,2.8000002,1.6000002
48.228107,1,1,1,0
606.87415,1,1,1,0
108.600655,0.9,0.8,1,0.2
181.59688,1,1,1,0
287.1988,2,2,2,0
1184.8195,2.5083334,2.1,2.8666668,0.7666668
130.97557,1,1,1,0
637.8034,1,1,1,0
1395.0892,1.4,1.2,1.8000001,0.6000001
3066.5051,2.088889,1.4000001,2.8666668,1.4666667
18.416698,1,1,1,0
607.0285,1,1,1,0
261.27133,1,1,1,0
171.13268,1,1,1,0
266.92578,2,2,2,0
1150.3655,2.5333333,2.2,2.8666668,0.6666668
271.70166,1,1,1,0
642.03217,1,1,1,0
574.5348,1.1,1,1.2,0.2
3071.0134,2.1000001,1.4000001,2.8666668,1.4666667
11.836545,1,1,1,0
601.4952,1,1,1,0
404.81485,1,1,1,0
165.51958,1,1,1,0
282.50882,2,2,2,0
1145.8895,2.5333333,2.2,2.8666668,0.6666668
446.98184,1,1,1,0
636.59656,1,1,1,0
567.2965,1,1,1,0
3056.4023,2.1000001,1.4000001,2.8666668,1.4666667
38.755077,1,1,1,0
574.92944,1,1,1,0
513.3991,1,1,1,0
152.1622,1,1,1,0
303.10867,2,2,2,0
1119.1781,2.5333333,2.2,2.8666668,0.6666668
624.9948,1,1,1,0
554.6564,1,1,1,0
3014.6643,2.1000001,1.4000001,2.8666668,1.4666667
55.1974,1,1,1,0
538.4652,1,1,1,0
601.6959,1,1,1,0
123.07627,1,1,1,0
332.54492,2,2,2,0
1088.2578,2.5333333,2.2,2.8666668,0.6666668
673.93634,1,1,1,0
532.9262,1,1,1,0
2959.5447,2.1000001,1.4000001,2.8666668,1.4666667
59.127274,1,1,1,0
497.25034,1,1,1,0
567.70715,1,1,1,0
66.78827,1,1,1,0
419.35074,2,2,2,0
2392.9927,2.0444443,1,2.8666668,1.8666668
506.23428,1,1,1,0
391.54642,1.4,1.2,1.8000001,0.6000001
76.0007,1,1,1,0
976.71857,2.0666666,2,2.1,0.1
473.5435,1,1,1,0
569.1766,1,1,1,0
1.9169905,1,1,1,0
538.7396,2,2,2,0
2415.2417,2.0777779,1.2,2.8666668,1.6666668
475.5129,1,1,1,0
360.95346,1.4,1.2,1.8000001,0.6000001
113.759315,1,1,1,0
973.2918,2,2,2,0
422.76782,1,1,1,0
575.9065,1,1,1,0
85.672874,1,1,1,0
667.7522,2,2,2,0
2444.8606,2.0777779,1.2,2.8666668,1.6666668
438.64526,1,1,1,0
368.6403,1.4,1.2,1.8000001,0.6000001
130.97209,1,1,1,0
947.01373,2,2,2,0
389.1155,1,1,1,0
543.6768,1,1,1,0
162.41588,1,1,1,0
797.5373,1.4000001,1.2,1.8000001,0.6000001
2463.196,2.0777779,1.2,2.8666668,1.6666668
846.99023,0.9,0.8,1,0.2
410.8946,1,1,1,0
385.82602,1.9000001,1.8000001,2,0.1999999
144.38004,1,1,1,0
892.6985,2,2,2,0
544.6382,1,1,1,0
248.21857,1,1,1,0
932.70917,1.4000001,1.2,1.8000001,0.6000001
2501.6377,2.0777779,1.2,2.8666668,1.6666668
829.29456,1,1,1,0
395.74573,1,1,1,0
384.15128,2,2,2,0
156.67036,1,1,1,0
825.73395,2,2,2,0
547.25885,1,1,1,0
347.1108,1,1,1,0
2543.9617,2.0777779,1.2,2.8666668,1.6666668
808.648,1,1,1,0
406.40527,1,1,1,0
354.3328,2,2,2,0
177.85982,1,1,1,0
775.4104,2,2,2,0
35.03825,1.1,1,1.2,0.2
554.3961,1,1,1,0
445.2316,1,1,1,0
2586.815,2.0777779,1.2,2.8666668,1.6666668
797.1447,1,1,1,0
398.04156,1,1,1,0
323.89597,2,2,2,0
203.42584,1,1,1,0
740.3945,2,2,2,0
67.7942,1,1,1,0
570.22473,1,1,1,0
578.6955,1,1,1,0
1723.9896,2.1333332,1.4000001,2.8666668,1.4666667
725.52875,1,1,1,0
400.20816,1,1,1,0
358.54648,2,2,2,0
236.36076,1,1,1,0
713.51196,2,2,2,0
115.358154,1,1,1,0
591.6106,1,1,1,0
749.2002,1,1,1,0
2628.6304,2.0857143,1.2,2.8666668,1.6666668
626.99225,1,1,1,0
160.2997,0.9,0.8,1,0.2
404.90442,1,1,1,0
400.91922,2,2,2,0
259.46085,1,1,1,0
718.8162,2,2,2,0
621.2169,1,1,1,0
2667.0762,2.095238,1.2,2.9333334,1.7333334
538.0844,1,1,1,0
37.697197,1,1,1,0
374.48587,1,1,1,0
462.00742,2,2,2,0
278.67957,1,1,1,0
734.0701,1.4666667,1.2,2,0.8
657.7989,1,1,1,0
1168.1244,2.0333333,1.2,2.7333333,1.5333333
2716.9597,2.095238,1.2,2.9333334,1.7333334
471.53522,1,1,1,0
59.487267,1,1,1,0
326.63345,1,1,1,0
288.75153,1,1,1,0
653.52997,1.4,1.2,1.8000001,0.6000001
722.8485,1,1,1,0
1153.8912,2.0833333,1.4000001,2.7333333,1.3333332
1131.4502,0.9,0.8,1,0.2
2733.3867,2.095238,1.2,2.9333334,1.7333334
396.47977,1,1,1,0
121.74177,1,1,1,0
296.69464,1,1,1,0
319.64297,1,1,1,0
611.3341,1.4,1.2,1.8000001,0.6000001
762.8863,1,1,1,0
1179.7689,2.0833333,1.4000001,2.7333333,1.3333332
1041.5282,1,1,1,0
2325.6882,1.6600001,1.2,2.1,0.9
338.68933,1,1,1,0
189.51117,1,1,1,0
280.81876,1,1,1,0
380.82678,1,1,1,0
565.2963,1.4,1.2,1.8000001,0.6000001
96.15018,1,1,1,0
1242.3596,2.0833333,1.4000001,2.7333333,1.3333332
975.95544,1,1,1,0
2293.148,2.0666668,1.4000001,2.8000002,1.4000001
1065.0481,1.3666668,1.2,1.7,0.5
229.4482,1,1,1,0
272.35825,1,1,1,0
1842.1166,1.3666668,1.2,1.7,0.5
485.59055,1.4,1.2,1.8000001,0.6000001
94.57909,1,1,1,0
1267.404,2.0833333,1.4000001,2.7333333,1.3333332
888.9238,1,1,1,0
2236.9368,2.1200001,1.4000001,2.8000002,1.4000001
950.4173,1.4,1.2,1.8000001,0.6000001
270.53098,1,1,1,0
237.96683,1,1,1,0
1787.9513,1.4,1.2,1.8000001,0.6000001
408.8224,1.4,1.2,1.8000001,0.6000001
102.1015,1,1,1,0
1293.5887,2.0833333,1.4000001,2.7333333,1.3333332
786.42413,1,1,1,0
2197.555,2.1200001,1.4000001,2.8000002,1.4000001
868.1064,1.4,1.2,1.8000001,0.6000001
288.82315,1,1,1,0
203.28357,1,1,1,0
1705.4614,1.4,1.2,1.8000001,0.6000001
325.5026,1.4,1.2,1.8000001,0.6000001
103.44657,1,1,1,0
1308.1615,1.625,1.2,2,0.8
686.31445,1,1,1,0
2135.9702,2.1200001,1.4000001,2.8000002,1.4000001
777.11084,1.4,1.2,1.8000001,0.6000001
286.16293,1,1,1,0
158.88109,1,1,1,0
1616.2764,1.4,1.2,1.8000001,0.6000001
208.70068,1.4,1.2,1.8000001,0.6000001
94.806,1,1,1,0
2473.1147,1.6733334,1.2,2.6666667,1.4666667
587.0757,1,1,1,0
2083.2437,2.44,1.4000001,2.8666668,1.4666667
1090.0728,1.4750001,1,1.9000001,0.9000001
264.1326,1,1,1,0
122.32938,1,1,1,0
1544.4756,1.4,1.2,1.8000001,0.6000001
101.45132,1.4,1.2,1.8000001,0.6000001
141.7977,1,1,1,0
81.252365,1.1,1,1.2,0.2
486.3598,1,1,1,0
2023.099,2.1333332,1.4000001,2.8666668,1.4666667
1114.5858,1.55,1.2,1.9000001,0.7000001
220.91194,1,1,1,0
78.271194,1,1,1,0
1462.8785,1.4,1.2,1.8000001,0.6000001
687.97485,1.4666668,1.2,1.8000001,0.6000001
34.713932,1.4,1.2,1.8000001,0.6000001
201.91216,1,1,1,0
737.5703,1.475,1,1.9000001,0.9000001
373.60202,1,1,1,0
1955.9622,2.1200001,1.4000001,2.8000002,1.4000001
1120.7103,1.55,1.2,1.9000001,0.7000001
158.5358,1,1,1,0
1367.1847,1.4,1.2,1.8000001,0.6000001
628.1014,1.4,1.2,1.8000001,0.6000001
152.23524,1.4,1.2,1.8000001,0.6000001
272.88644,1,1,1,0
664.2758,2.0583334,1.4000001,2.7333333,1.3333332
233.13635,1,1,1,0
1892.3826,2.1200001,1.4000001,2.8000002,1.4000001
1114.7405,1.55,1.2,1.9000001,0.7000001
97.78094,1,1,1,0
1387.4946,1.4,1.2,1.8000001,0.6000001
623.1378,1.4,1.2,1.8000001,0.6000001
102.38335,1,1,1,0
364.08206,1,1,1,0
683.7243,2.0833333,1.4000001,2.7333333,1.3333332
91.91607,1,1,1,0
2693.5945,2.085714,1.2,2.8666668,1.6666668
1087.5553,1.55,1.2,1.9000001,0.7000001
15.789557,1,1,1,0
1433.077,1.4,1.2,1.8000001,0.6000001
620.4991,1.4,1.2,1.8000001,0.6000001
163.03044,1,1,1,0
718.1242,2.0833333,1.4000001,2.7333333,1.3333332
2679.9602,2.0952382,1.2,2.9333334,1.7333334
1060.7474,1.55,1.2,1.9000001,0.7000001
79.97605,1,1,1,0
1541.5469,1.4,1.2,1.8000001,0.6000001
660.8826,1.4,1.2,1.8000001,0.6000001
211.84085,1,1,1,0
765.9576,2.0833333,1.4000001,2.7333333,1.3333332
1365.1306,1.6600001,1.2,2.1,0.9
1040.794,1.55,1.2,1.9000001,0.7000001
1274.2545,1.4750001,1,1.9000001,0.9000001
1649.894,1.4,1.2,1.8000001,0.6000001
748.3279,1.4,1.2,1.8000001,0.6000001
254.93233,1,1,1,0
820.46136,2.0833333,1.4000001,2.7333333,1.3333332
4328.717,1.8037038,1.2,2.7333333,1.5333333
1029.4031,1.55,1.2,1.9000001,0.7000001
1726.2592,1.4,1.2,1.8000001,0.6000001
2333.393,1.6,1.2,2,0.8
895.19714,2.0833333,1.4000001,2.7333333,1.3333332
4482.4023,1.8222222,1.2,2.8000002,1.6000002
1013.3085,1.55,1.2,1.9000001,0.7000001
949.2471,1,1,1,0
126.81052,1.1,1,1.2,0.2
590.4866,1.4333334,1.2,1.9000001,0.7000001
942.9526,2.0833333,1.4000001,2.7333333,1.3333332
4668.2007,1.8222222,1.2,2.8000002,1.6000002
1010.637,2.0666666,1.4000001,2.6666667,1.2666666
1079.4845,1,1,1,0
136.86761,1,1,1,0
588.1015,1.4,1.2,1.8000001,0.6000001
1049.5792,0.9,0.8,1,0.2
990.5953,2.0833333,1.4000001,2.7333333,1.3333332
4627.728,2.0259256,1.2,2.9333334,1.7333334
1016.86176,2.0833333,1.4000001,2.7333333,1.3333332
152.60501,1,1,1,0
676.4926,1.4,1.2,1.8000001,0.6000001
904.543,1,1,1,0
1044.5609,1.5500001,1.2,1.9000001,0.7000001
4380.1646,2.0333333,1,2.9333334,1.9333334
1037.5571,2.0833333,1.4000001,2.7333333,1.3333332
162.10268,1,1,1,0
743.3559,1.4,1.2,1.8000001,0.6000001
744.5812,1,1,1,0
1084.4398,1.5500001,1.2,1.9000001,0.7000001
4858.135,2.0814812,1.2,2.9333334,1.7333334
1054.7402,2.0833333,1.4000001,2.7333333,1.3333332
160.46294,1,1,1,0
805.27686,1.4,1.2,1.8000001,0.6000001
609.73096,1,1,1,0
1141.4078,1.5500001,1.2,1.9000001,0.7000001
990.90344,1.1,1,1.2,0.2
2712.5315,2.1095238,1.2,2.9333334,1.7333334
1076.6638,2.0833333,1.4000001,2.7333333,1.3333332
160.60687,1,1,1,0
881.34283,1.4,1.2,1.8000001,0.6000001
496.02344,1,1,1,0
934.8543,1,1,1,0
2641.4622,2.0952382,1.2,2.9333334,1.7333334
893.8449,0.9,0.8,1,0.2
1127.8906,2.0833333,1.4000001,2.7333333,1.3333332
722.8836,1.9666667,1.9000001,2,0.0999999
144.89388,1,1,1,0
478.87042,1,1,1,0
403.95737,1,1,1,0
861.5217,1,1,1,0
2587.0898,2.6095238,1.2,3.7,2.5
720.90985,1,1,1,0
1198.2045,2.0833333,1.4000001,2.7333333,1.3333332
694.67487,2,2,2,0
117.996666,1,1,1,0
573.8529,1,1,1,0
334.26364,1,1,1,0
804.00464,1,1,1,0
2569.629,2.885714,2,3.8000002,1.8000002
577.74225,1,1,1,0
1277.5146,2.0833333,1.4000001,2.7333333,1.3333332
666.79065,2,2,2,0
80.80213,1,1,1,0
663.96375,1,1,1,0
271.34958,1,1,1,0
752.8136,1,1,1,0
2550.7476,2.9428573,2.2,3.8000002,1.6000002
449.7431,1,1,1,0
1351.38,2.0833333,1.4000001,2.7333333,1.3333332
620.20624,2,2,2,0
64.311226,1,1,1,0
715.5347,1,1,1,0
425.7115,0.9,0.8,1,0.2
191.39,1,1,1,0
690.45264,1,1,1,0
2536.9966,3.1785715,2.2,4.6,2.4
335.78735,1,1,1,0
1417.3086,2.0833333,1.4000001,2.7333333,1.3333332
582.5821,2,2,2,0
63.769188,1,1,1,0
733.1019,1,1,1,0
326.63275,1,1,1,0
118.93124,1,1,1,0
634.6837,1,1,1,0
2426.7146,3.2380955,2.3,4.6,2.3
264.77237,1,1,1,0
1446.1237,1.7333333,1.4000001,2.7333333,1.3333332
522.79224,2,2,2,0
58.90401,1,1,1,0
733.777,1,1,1,0
241.19452,1,1,1,0
50.14517,1,1,1,0
575.341,1,1,1,0
2364.3757,2.957143,2.3,3.8500001,1.5500001
195.91441,1,1,1,0
1470.8783,1.7,1.4000001,2.6000001,1.2
473.01965,2,2,2,0
55.496178,1,1,1,0
702.3294,1,1,1,0
166.02605,1,1,1,0
9.832724,1,1,1,0
509.92715,1,1,1,0
2356.6938,2.647619,1.2,3.8000002,2.6000002
144.76471,1,1,1,0
1481.0227,1.7,1.4000001,2.6000001,1.2
457.77066,2,2,2,0
31.147968,1,1,1,0
641.36597,1,1,1,0
130.8446,1,1,1,0
74.80516,1,1,1,0
456.69186,1,1,1,0
2342.895,2.6166666,1.2,3.75,2.55
99.77369,1,1,1,0
1412.6781,1.7,1.4000001,2.6000001,1.2
482.76648,2,2,2,0
9.028703,1,1,1,0
566.5464,1,1,1,0
97.39457,1,1,1,0
133.49945,1,1,1,0
418.9219,1,1,1,0
2280.3333,2.3547618,1.2,3.65,2.45
62.936752,1,1,1,0
1369.2389,2.025,1.4000001,2.6000001,1.2
514.0947,2,2,2,0
66.98942,1,1,1,0
509.7639,1,1,1,0
72.48901,1,1,1,0
192.63562,1,1,1,0
1519.4503,1.3000001,1,1.7,0.7
2217.0352,2.3547618,1.2,3.65,2.45
29.889439,1,1,1,0
1328.3154,2.0833333,1.4000001,2.7333333,1.3333332
534.821,2,2,2,0
130.30156,1,1,1,0
467.32974,1,1,1,0
51.477657,1,1,1,0
246.84848,1,1,1,0
1378.2378,1.4,1.2,1.8000001,0.6000001
2159.1519,2.3547618,1.2,3.65,2.45
9.923742,1,1,1,0
1275.9027,2.4499998,2.1,2.8666668,0.7666668
539.82947,2,2,2,0
196.19824,1,1,1,0
381.8573,1,1,1,0
35.704147,1,1,1,0
300.86472,1,1,1,0
1236.8033,1.4,1.2,1.8000001,0.6000001
2114.0825,2.3547618,1.2,3.65,2.45
4.416116,1,1,1,0
1206.4279,2.5333333,2.2,2.8666668,0.6666668
536.405,2,2,2,0
2280.5486,1.5250001,1.2,1.9000001,0.7000001
25.275337,1,1,1,0
376.6339,1,1,1,0
1118.1042,1.4,1.2,1.8000001,0.6000001
2050.224,2.3547618,1.2,3.65,2.45
43.7506,1,1,1,0
1174.2493,2.0833333,1.4000001,2.7333333,1.3333332
524.72784,2,2,2,0
1674.2252,1.4333334,1.2,1.9000001,0.7000001
13.511693,1,1,1,0
452.01697,1,1,1,0
1033.0602,1.4,1.2,1.8000001,0.6000001
2024.9553,2.3547618,1.2,3.65,2.45
72.074036,1,1,1,0
1146.4103,2.0833333,1.4000001,2.7333333,1.3333332
525.56616,2,2,2,0
214.49411,1,1,1,0
7.649056,1,1,1,0
535.8935,1,1,1,0
971.3264,1.4,1.2,1.8000001,0.6000001
1786.2749,2.7111113,1.4000001,3.65,2.2499999
78.162926,1,1,1,0
1139.4376,1.6250001,1.2,2,0.8
503.54153,2,2,2,0
207.93996,1,1,1,0
37.08708,1,1,1,0
634.4214,1,1,1,0
929.7491,1.4,1.2,1.8000001,0.6000001
1752.8041,2.8027775,1.6,3.75,2.15
98.45478,1,1,1,0
1090.3698,1.5500001,1.2,1.9000001,0.7000001
573.6613,2,2,2,0
195.58855,1,1,1,0
81.848785,1,1,1,0
744.5561,1,1,1,0
878.8857,1.4,1.2,1.8000001,0.6000001
1792.7897,2.8027775,1.6,3.75,2.15
113.34869,1,1,1,0
1053.575,1.5500001,1.2,1.9000001,0.7000001
583.4,2,2,2,0
194.08522,1,1,1,0
146.021,1,1,1,0
855.8032,1,1,1,0
920.7143,1.4,1.2,1.8000001,0.6000001
1833.0806,2.5166667,1.6,3.6000001,2.0000001
136.10887,1,1,1,0
1102.7614,1.5500001,1.2,1.9000001,0.7000001
531.6881,2,2,2,0
189.71248,1,1,1,0
204.05193,1,1,1,0
973.2105,1,1,1,0
1000.8786,1.4,1.2,1.8000001,0.6000001
1874.6989,2.5,1.6,3.6000001,2.0000001
168.35379,1,1,1,0
1184.3844,1.5500001,1.2,1.9000001,0.7000001
533.69556,2,2,2,0
177.93738,1,1,1,0
269.20038,1,1,1,0
1116.5914,1,1,1,0
1065.3634,1.4,1.2,1.8000001,0.6000001
1103.1765,2.52,1.6,3,1.4
195.2146,1,1,1,0
1261.5634,1.5500001,1.2,1.9000001,0.7000001
682.0743,2,2,2,0
165.35664,1,1,1,0
346.20685,1,1,1,0
186.67654,1.1,1,1.2,0.2
1105.4529,2.7933333,2.2,3.7,1.5
206.12344,1,1,1,0
1392.1742,1.5500001,1.2,1.9000001,0.7000001
764.36816,2,2,2,0
146.78493,1,1,1,0
1273.6237,1.3000001,1,1.7,0.7
1094.9824,0.9,0.8,1,0.2
1198.6095,1.3666668,1.2,1.7,0.5
1119.1244,2.8600001,2.3,3.7,1.4
221.85036,1,1,1,0
1489.4095,1.5500001,1.2,1.9000001,0.7000001
848.59155,2,2,2,0
1088.5409,0.9,0.8,1,0.2
127.68364,1,1,1,0
1259.2682,1.4,1.2,1.8000001,0.6000001
927.9034,1,1,1,0
1252.9475,1.4,1.2,1.8000001,0.6000001
1120.012,2.8600001,2.3,3.7,1.4
242.11183,1,1,1,0
1584.5386,1.5500001,1.2,1.9000001,0.7000001
200.20183,1.1,1,1.2,0.2
911.6476,1,1,1,0
107.23365,1,1,1,0
1243.8384,1.4,1.2,1.8000001,0.6000001
766.16406,1,1,1,0
1292.607,1.4,1.2,1.8000001,0.6000001
1095.8995,2.8600001,2.3,3.7,1.4
261.10587,1,1,1,0
1692.911,1.9833333,1.2,2.7333333,1.5333333
237.35341,1,1,1,0
768.57947,1,1,1,0
88.350685,1,1,1,0
1212.2075,1.4,1.2,1.8000001,0.6000001
625.4234,1,1,1,0
1336.6176,1.4,1.2,1.8000001,0.6000001
1077.7104,2.8600001,2.3,3.7,1.4
262.2535,1,1,1,0
1801.3503,2.0833333,1.4000001,2.7333333,1.3333332
285.4908,1,1,1,0
648.51886,1,1,1,0
74.53564,1,1,1,0
1174.9812,1.4,1.2,1.8000001,0.6000001
510.1111,1,1,1,0
1423.2609,1.4,1.2,1.8000001,0.6000001
1212.0695,2.8600001,2.3,3.7,1.4
226.1395,1,1,1,0
1893.9385,2.0833333,1.4000001,2.7333333,1.3333332
327.82965,1,1,1,0
544.9202,1,1,1,0
73.731766,1,1,1,0
1102.1182,1.4,1.2,1.8000001,0.6000001
429.468,1,1,1,0
1521.0258,1.4,1.2,1.8000001,0.6000001
1300.901,2.8600001,2.3,3.7,1.4
190.37479,1,1,1,0
3491.4878,1.6933334,1,2.6666667,1.6666667
360.38495,1,1,1,0
463.18115,1,1,1,0
72.34697,1,1,1,0
983.35614,1.4,1.2,1.8000001,0.6000001
360.48312,1,1,1,0
1609.1356,1.4,1.2,1.8000001,0.6000001
1956.5972,2.7416668,1.4000001,3.75,2.3499999
163.84648,1,1,1,0
2479.0823,1.6250001,1.2,2,0.8
388.56995,1,1,1,0
395.80975,1,1,1,0
71.48629,1,1,1,0
341.56787,1,1,1,0
299.14935,1,1,1,0
1749.2198,1.4,1.2,1.8000001,0.6000001
2060.7383,2.8027775,1.6,3.75,2.15
142.60777,1,1,1,0
2245.2253,1.5500001,1.2,1.9000001,0.7000001
419.4105,1,1,1,0
324.3506,1,1,1,0
69.81966,1,1,1,0
244.37666,1,1,1,0
246.2468,1,1,1,0
1192.6141,1,1,1,0
2155.2322,2.8027775,1.6,3.75,2.15
127.046646,1,1,1,0
2053.7783,1.5500001,1.2,1.9000001,0.7000001
471.12137,1,1,1,0
260.63303,1,1,1,0
68.02707,1,1,1,0
165.90475,1,1,1,0
202.5539,1,1,1,0
2237.2085,2.5027778,1.6,3.65,2.05
128.84898,1,1,1,0
1889.3284,1.5500001,1.2,1.9000001,0.7000001
519.27045,1,1,1,0
216.80809,1,1,1,0
71.46506,1,1,1,0
97.230255,1,1,1,0
187.2245,1,1,1,0
2322.5151,2.4361112,1.4000001,3.65,2.2499999
129.35304,1,1,1,0
1737.9303,1.5500001,1.2,1.9000001,0.7000001
575.65466,1,1,1,0
164.619,1,1,1,0
74.222435,1,1,1,0
44.37784,1,1,1,0
156.6024,1,1,1,0
2424.6912,2.4361112,1.4000001,3.65,2.2499999
130.58168,1,1,1,0
1590.4794,1.5500001,1.2,1.9000001,0.7000001
631.8929,1,1,1,0
121.179756,1,1,1,0
81.51875,1,1,1,0
34.556026,1,1,1,0
123.822975,1,1,1,0
2536.32,2.138889,1.2,2.8666668,1.6666668
126.37275,1,1,1,0
1425.909,1.5500001,1.2,1.9000001,0.7000001
676.79865,1,1,1,0
86.649895,1,1,1,0
76.331474,1,1,1,0
44.96018,1,1,1,0
100.56076,1,1,1,0
698.69904,1,1,1,0
111.46853,1,1,1,0
1262.4047,1.575,1.2,2,0.8
2634.2017,1.4750001,1,1.9000001,0.9000001
47.755123,1,1,1,0
1888.2133,1.675,1.2,2.2,1
9.2848425,1,1,1,0
79.68813,1,1,1,0
708.9143,1,1,1,0
101.68113,1,1,1,0
1099.6349,1.5500001,1.2,1.9000001,0.7000001
84.66015,1,1,1,0
1191.2059,1.4,1.2,1.8000001,0.6000001
280.74643,1.1,1,1.2,0.2
491.45377,1,1,1,0
24.72584,1,1,1,0
50.319122,1,1,1,0
717.4447,1,1,1,0
91.68904,1,1,1,0
917.261,1.5500001,1.2,1.9000001,0.7000001
105.61989,1,1,1,0
1093.7004,1.4,1.2,1.8000001,0.6000001
425.0736,1,1,1,0
510.9315,1,1,1,0
67.059456,1,1,1,0
3.572271,1,1,1,0
726.2534,1,1,1,0
77.691284,1,1,1,0
739.3251,1.5500001,1.2,1.9000001,0.7000001
100.67671,1,1,1,0
1000.48145,1.4,1.2,1.8000001,0.6000001
546.0274,1,1,1,0
522.2764,1,1,1,0
103.31551,1,1,1,0
66.39426,1,1,1,0
715.6644,1,1,1,0
77.75787,1,1,1,0
557.34595,1.5500001,1.2,1.9000001,0.7000001
86.12182,1,1,1,0
1008.2192,1.4,1.2,1.8000001,0.6000001
682.81384,1,1,1,0
548.2977,1,1,1,0
131.97835,1,1,1,0
143.36531,1,1,1,0
711.902,1,1,1,0
80.10953,1,1,1,0
518.8567,1.5500001,1.2,1.9000001,0.7000001
2487.7568,1.5250001,1.2,1.9000001,0.7000001
1019.5322,1.4,1.2,1.8000001,0.6000001
592.902,1,1,1,0
174.25536,1,1,1,0
237.65648,1,1,1,0
704.09875,1,1,1,0
82.08199,1,1,1,0
511.28552,1.5500001,1.2,1.9000001,0.7000001
2526.0046,1.55,1.2,1.9000001,0.7000001
982.9218,1.9333334,1.9000001,2,0.0999999
642.8507,1,1,1,0
211.05107,1,1,1,0
348.33194,1,1,1,0
702.2161,1,1,1,0
70.01911,1,1,1,0
498.94803,1.5500001,1.2,1.9000001,0.7000001
2563.1282,1.55,1.2,1.9000001,0.7000001
957.07526,2,2,2,0
740.1867,1,1,1,0
230.7832,1,1,1,0
475.2464,1,1,1,0
683.09937,1,1,1,0
55.614025,1,1,1,0
603.9167,1.5500001,1.2,1.9000001,0.7000001
2667.2822,1.55,1.2,1.9000001,0.7000001
927.74097,2,2,2,0
829.71423,1,1,1,0
241.9683,1,1,1,0
618.3585,1,1,1,0
663.4286,1,1,1,0
34.005222,1,1,1,0
737.7656,1.5500001,1.2,1.9000001,0.7000001
2808.44,1.55,1.2,1.9000001,0.7000001
905.85455,2,2,2,0
258.44702,1,1,1,0
779.7596,1,1,1,0
713.21954,0.9,0.8,1,0.2
112.217316,1.3333334,1,1.8000001,0.8000001
647.50024,1,1,1,0
854.0154,1.5500001,1.2,1.9000001,0.7000001
1112.2699,1.4333334,1.2,1.9000001,0.7000001
876.512,2,2,2,0
267.39722,1,1,1,0
953.24493,1,1,1,0
583.7616,1,1,1,0
964.5,0.9,0.8,1,0.2
159.76761,1.4,1.2,1.8000001,0.6000001
632.96497,1,1,1,0
127.28583,1.1,1,1.2,0.2
1147.1525,1.4,1.2,1.8000001,0.6000001
872.55853,2,2,2,0
465.4871,1,1,1,0
275.2369,1,1,1,0
1141.4209,1,1,1,0
470.0936,1,1,1,0
841.41327,1,1,1,0
205.25714,1.4,1.2,1.8000001,0.6000001
620.4353,1,1,1,0
98.00011,1,1,1,0
1171.3214,1.4,1.2,1.8000001,0.6000001
861.11554,2,2,2,0
557.9752,1,1,1,0
280.9661,1,1,1,0
370.98782,1,1,1,0
697.7769,1,1,1,0
268.71738,1.4,1.2,1.8000001,0.6000001
642.7907,1,1,1,0
52.089134,1,1,1,0
1193.3053,1.4,1.2,1.8000001,0.6000001
836.23065,1.4000001,1.2,1.8000001,0.6000001
645.90137,1,1,1,0
282.58972,1,1,1,0
281.74008,1,1,1,0
593.76025,1,1,1,0
335.2949,1.4,1.2,1.8000001,0.6000001
641.4235,1,1,1,0
81.97005,1,1,1,0
1209.144,1.4,1.2,1.8000001,0.6000001
907.66925,1.4000001,1.2,1.8000001,0.6000001
741.18146,1,1,1,0
282.63034,1,1,1,0
215.91054,1,1,1,0
505.4725,1,1,1,0
413.71805,1.4,1.2,1.8000001,0.6000001
631.71204,1,1,1,0
92.33852,1,1,1,0
1212.7771,1.4,1.2,1.8000001,0.6000001
954.4996,1.4000001,1.2,1.8000001,0.6000001
858.062,1,1,1,0
287.66205,1,1,1,0
155.05278,1,1,1,0
409.29147,1,1,1,0
476.16382,1.4,1.2,1.8000001,0.6000001
636.65643,1,1,1,0
94.85812,1,1,1,0
124.340324,1,1,1,0
1005.1838,1.4000001,1.2,1.8000001,0.6000001
296.89886,1,1,1,0
121.45378,1,1,1,0
344.39328,1,1,1,0
529.1701,1.4,1.2,1.8000001,0.6000001
649.8936,1,1,1,0
96.07558,1,1,1,0
64.65313,1,1,1,0
1007.5669,1.4000001,1.2,1.8000001,0.6000001
303.20187,1,1,1,0
95.51944,1,1,1,0
295.9416,1,1,1,0
574.9255,1.9333334,1.9000001,2,0.0999999
659.9489,1,1,1,0
96.517975,1,1,1,0
17.916018,1,1,1,0
1009.3235,1.4000001,1.2,1.8000001,0.6000001
296.35202,1,1,1,0
81.654335,1,1,1,0
246.9703,1,1,1,0
626.2418,2,2,2,0
694.9579,1,1,1,0
96.477295,1,1,1,0
31.512394,1,1,1,0
1051.2723,1.4000001,1.2,1.8000001,0.6000001
272.67603,1,1,1,0
58.86082,1,1,1,0
197.8779,1,1,1,0
719.0883,2,2,2,0
740.9511,1,1,1,0
95.12802,1,1,1,0
33.57527,1,1,1,0
1130.3578,1.4000001,1.2,1.8000001,0.6000001
231.98145,1,1,1,0
34.288406,1,1,1,0
1284.4431,1.4750001,1,1.9000001,0.9000001
850.0904,2,2,2,0
757.7055,1,1,1,0
94.92766,1,1,1,0
1193.7012,1.4000001,1.2,1.8000001,0.6000001
203.27228,1,1,1,0
42.172653,1,1,1,0
1209.7393,2.0666666,1.4000001,2.6666667,1.2666666
906.33594,2,2,2,0
748.5437,1,1,1,0
84.64181,1,1,1,0
1300.715,1.4000001,1.2,1.8000001,0.6000001
5.615324,1,1,1,0
1161.7734,2.0833333,1.4000001,2.7333333,1.3333332
930.008,1.4666667,1.2,2,0.8
743.12445,1,1,1,0
73.10734,1,1,1,0
1402.2736,1.4000001,1.2,1.8000001,0.6000001
16.9452,1,1,1,0
1159.3451,2.0833333,1.4000001,2.7333333,1.3333332
971.97235,1.4,1.2,1.8000001,0.6000001
735.4434,1,1,1,0
59.448284,1,1,1,0
341.9615,1.1,1,1.2,0.2
72.045235,1,1,1,0
1144.992,2.0833333,1.4000001,2.7333333,1.3333332
988.052,1.4,1.2,1.8000001,0.6000001
743.66003,1,1,1,0
37.03404,1,1,1,0
375.55896,1,1,1,0
80.62094,1,1,1,0
2622.281,1.9866664,1,2.7333333,1.7333333
2569.7231,1.5,1.2,1.8000001,0.6000001
738.6012,1,1,1,0
13.660214,1,1,1,0
434.29053,1,1,1,0
78.867516,1,1,1,0
2453.5818,2.0400002,1.2,2.8000002,1.6000002
2431.9421,1.55,1.2,1.9000001,0.7000001
732.81323,1,1,1,0
0.90970016,1,1,1,0
474.985,1,1,1,0
88.187325,1,1,1,0
280.69193,2,2,2,0
2269.2048,1.55,1.2,1.9000001,0.7000001
729.16895,1,1,1,0
13.692803,1,1,1,0
764.0036,1.1,1,1.2,0.2
519.79706,1,1,1,0
103.65967,1,1,1,0
255.24384,2,2,2,0
2124.9001,1.55,1.2,1.9000001,0.7000001
735.18713,1,1,1,0
26.958645,1,1,1,0
631.9112,1,1,1,0
572.7259,1,1,1,0
119.59063,1,1,1,0
235.37483,2,2,2,0
1994.3049,1.55,1.2,1.9000001,0.7000001
747.6717,1,1,1,0
29.626015,1,1,1,0
508.95822,1,1,1,0
609.599,1,1,1,0
142.43459,1,1,1,0
216.91216,2,2,2,0
1853.2081,1.55,1.2,1.9000001,0.7000001
755.719,1,1,1,0
33.150066,1,1,1,0
391.47128,1,1,1,0
633.9857,1,1,1,0
585.58496,1.3666668,1.2,1.7,0.5
195.64507,2,2,2,0
1736.5463,1.55,1.2,1.9000001,0.7000001
758.1312,1,1,1,0
30.852251,1,1,1,0
289.95578,1,1,1,0
645.4059,1,1,1,0
431.4208,1.4,1.2,1.8000001,0.6000001
185.36107,2,2,2,0
1612.2781,1.55,1.2,1.9000001,0.7000001
770.0994,1,1,1,0
57.64667,1,1,1,0
203.82144,1,1,1,0
648.4756,1,1,1,0
352.68094,1.4,1.2,1.8000001,0.6000001
172.085,2,2,2,0
1483.6748,1.55,1.2,1.9000001,0.7000001
767.7832,1,1,1,0
81.586975,1,1,1,0
136.3832,1,1,1,0
647.9684,1,1,1,0
360.8086,1.4,1.2,1.8000001,0.6000001
130.78769,2,2,2,0
47.036213,1,1,1,0
756.9414,1,1,1,0
249.85666,1,1,1,0
99.67485,1,1,1,0
79.18871,1,1,1,0
643.4301,1,1,1,0
438.6366,1.4,1.2,1.8000001,0.6000001
164.81706,2,2,2,0
143.97093,1,1,1,0
737.85046,1,1,1,0
242.38066,1,1,1,0
101.31178,1,1,1,0
507.89224,0.9,0.8,1,0.2
77.68438,1,1,1,0
637.7242,1,1,1,0
619.0401,1.4,1.2,1.8000001,0.6000001
194.82426,2,2,2,0
252.12979,1,1,1,0
718.8297,1,1,1,0
229.48909,1,1,1,0
91.73012,1,1,1,0
415.59567,1,1,1,0
69.36897,1,1,1,0
624.73486,1,1,1,0
801.6717,1.4,1.2,1.8000001,0.6000001
223.88145,2,2,2,0
356.10028,1,1,1,0
710.29364,1,1,1,0
210.80638,1,1,1,0
62.337986,1,1,1,0
340.71857,1,1,1,0
86.825615,1,1,1,0
622.97345,1,1,1,0
988.1096,1.4,1.2,1.8000001,0.6000001
258.73434,2,2,2,0
450.1824,1,1,1,0
692.97314,1,1,1,0
188.67017,1,1,1,0
15.455723,1,1,1,0
285.69992,1,1,1,0
77.7178,1,1,1,0
621.2585,1,1,1,0
1190.8549,1.4,1.2,1.8000001,0.6000001
302.7148,2,2,2,0
527.81506,1,1,1,0
645.41394,1,1,1,0
169.75911,1,1,1,0
48.065105,1,1,1,0
278.27588,1,1,1,0
50.684353,1,1,1,0
617.65656,1,1,1,0
1403.534,1.4,1.2,1.8000001,0.6000001
354.9451,2,2,2,0
625.1096,1,1,1,0
1517.1929,1.3000001,1,1.7,0.7
165.39748,1,1,1,0
121.70589,1,1,1,0
303.57236,1,1,1,0
14.256957,1,1,1,0
618.5888,1,1,1,0
1624.4224,1.4,1.2,1.8000001,0.6000001
410.02524,2,2,2,0
716.2772,1,1,1,0
1456.5635,1.4,1.2,1.8000001,0.6000001
155.48497,1,1,1,0
214.4703,1,1,1,0
337.9458,1,1,1,0
33.110405,1,1,1,0
617.1176,1,1,1,0
1850.1753,1.4,1.2,1.8000001,0.6000001
451.84488,2,2,2,0
812.01544,1,1,1,0
1418.6732,1.4,1.2,1.8000001,0.6000001
165.33516,1,1,1,0
326.08746,1,1,1,0
386.751,1,1,1,0
95.42199,1,1,1,0
616.3826,1,1,1,0
2069.4893,1.4,1.2,1.8000001,0.6000001
923.39307,2.0416667,1.4000001,2.6666667,1.2666666
895.4722,1,1,1,0
1370.3497,1.4,1.2,1.8000001,0.6000001
179.03848,1,1,1,0
454.1684,1,1,1,0
458.6251,1,1,1,0
170.22884,1,1,1,0
615.5046,1,1,1,0
895.1954,1,1,1,0
1019.50653,2.0833333,1.4000001,2.7333333,1.3333332
963.38324,1,1,1,0
1343.7179,1.4,1.2,1.8000001,0.6000001
185.99089,1,1,1,0
600.5144,1,1,1,0
546.7568,1,1,1,0
233.94902,1,1,1,0
614.6544,1,1,1,0
767.9438,1.2666668,1,1.8000001,0.8000001
916.0383,1,1,1,0
1092.4966,2.0833333,1.4000001,2.7333333,1.3333332
1039.7222,1,1,1,0
1333.1188,1.4,1.2,1.8000001,0.6000001
761.6081,1,1,1,0
308.05008,1,1,1,0
615.2136,1,1,1,0
762.1546,1.4000001,1.2,1.8000001,0.6000001
942.503,1,1,1,0
1148.6702,2.0833333,1.4000001,2.7333333,1.3333332
1302.4551,1.4,1.2,1.8000001,0.6000001
929.7702,1,1,1,0
391.6871,1,1,1,0
614.6842,1,1,1,0
699.926,1.4000001,1.2,1.8000001,0.6000001
910.25964,1,1,1,0
1237.0482,2.0833333,1.4000001,2.7333333,1.3333332
1292.6952,1.4,1.2,1.8000001,0.6000001
1115.9,1,1,1,0
488.0771,1,1,1,0
611.25635,1,1,1,0
662.43286,1.4000001,1.2,1.8000001,0.6000001
858.7542,1,1,1,0
1336.4818,2.0833333,1.4000001,2.7333333,1.3333332
1294.3047,1.4,1.2,1.8000001,0.6000001
570.61066,1,1,1,0
611.6319,1,1,1,0
617.2848,1.9666667,1.9000001,2,0.0999999
778.3563,1,1,1,0
1437.6754,1.55,1.2,1.9000001,0.7000001
1311.3439,1.4,1.2,1.8000001,0.6000001
675.78,1,1,1,0
605.8004,1,1,1,0
549.135,2,2,2,0
1510.5499,1.55,1.2,1.9000001,0.7000001
1309.4144,1.4,1.2,1.8000001,0.6000001
810.08777,1,1,1,0
591.5329,1,1,1,0
474.48364,2,2,2,0
1592.2883,1.55,1.2,1.9000001,0.7000001
1298.8782,1.4,1.2,1.8000001,0.6000001
897.09406,0.9,0.8,1,0.2
947.2198,1,1,1,0
566.41254,1,1,1,0
405.512,2,2,2,0
202.2017,1.1,1,1.2,0.2
1309.9078,1.4,1.2,1.8000001,0.6000001
969.16693,1,1,1,0
769.4615,1,1,1,0
554.558,1,1,1,0
334.24994,2,2,2,0
198.95364,1,1,1,0
1324.795,1.4,1.2,1.8000001,0.6000001
660.057,1,1,1,0
555.14435,1,1,1,0
1096.8906,0.9,0.8,1,0.2
351.0975,2,2,2,0
191.96553,1,1,1,0
1334.6998,1.4,1.2,1.8000001,0.6000001
556.0382,1,1,1,0
554.09357,1,1,1,0
903.6318,1,1,1,0
351.7327,2,2,2,0
184.30562,1,1,1,0
1354.5054,1.4,1.2,1.8000001,0.6000001
469.5002,1,1,1,0
540.01324,1,1,1,0
735.6538,1,1,1,0
354.91,2,2,2,0
181.14299,1,1,1,0
391.5499,1,1,1,0
511.2067,1,1,1,0
576.6295,1,1,1,0
773.3192,1,1,1,0
358.65112,2,2,2,0
170.59499,1,1,1,0
320.6987,1,1,1,0
483.02063,1,1,1,0
446.35153,1,1,1,0
772.03986,1,1,1,0
393.63782,2,2,2,0
155.48434,1,1,1,0
279.1988,1,1,1,0
437.78015,1,1,1,0
326.88345,1,1,1,0
770.56396,1,1,1,0
401.5825,2,2,2,0
144.42372,1,1,1,0
256.36942,1,1,1,0
385.26392,1,1,1,0
221.17133,1,1,1,0
773.5321,1,1,1,0
417.88184,2,2,2,0
1014.36694,1.3666668,1.2,1.7,0.5
217.87524,1,1,1,0
351.0416,1,1,1,0
130.54681,1,1,1,0
778.97644,1,1,1,0
439.20215,2,2,2,0
1046.6578,1.4,1.2,1.8000001,0.6000001
173.64697,1,1,1,0
325.04163,1,1,1,0
56.139977,1,1,1,0
785.76776,1,1,1,0
442.4708,2,2,2,0
1096.7659,1.4,1.2,1.8000001,0.6000001
126.701515,1,1,1,0
315.97424,1,1,1,0
4.269714,1,1,1,0
789.2596,1,1,1,0
448.44226,2,2,2,0
1155.402,1.4,1.2,1.8000001,0.6000001
89.58043,1,1,1,0
305.96158,1,1,1,0
45.789703,1,1,1,0
808.8372,1,1,1,0
440.72678,2,2,2,0
2085.95,1.475,1,1.9000001,0.9000001
374.02417,0.9,0.8,1,0.2
50.013195,1,1,1,0
331.86093,1,1,1,0
55.041058,1,1,1,0
820.2293,1,1,1,0
437.68753,2,2,2,0
2070.843,1.5500001,1.2,1.9000001,0.7000001
282.96194,1,1,1,0
12.860209,1,1,1,0
341.0331,1,1,1,0
79.348114,1,1,1,0
466.72958,2,2,2,0
2073.0342,1.5500001,1.2,1.9000001,0.7000001
225.26683,1,1,1,0
14.330723,1,1,1,0
365.30093,1,1,1,0
71.93368,1,1,1,0
530.5992,2,2,2,0
2078.7656,1.5500001,1.2,1.9000001,0.7000001
1325.5674,1.2666668,1,1.8000001,0.8000001
38.981632,1,1,1,0
376.4959,1,1,1,0
90.38171,1,1,1,0
1098.6146,0.9,0.8,1,0.2
613.6457,2,2,2,0
19.639248,1,1,1,0
1172.537,1.4000001,1.2,1.8000001,0.6000001
278.88953,0.9,0.8,1,0.2
581.533,1.1,1,1.2,0.2
68.91257,1,1,1,0
389.8838,1,1,1,0
50.627735,1,1,1,0
926.9269,1,1,1,0
687.801,2,2,2,0
4.829762,1,1,1,0
1036.1731,1.4000001,1.2,1.8000001,0.6000001
351.15338,1,1,1,0
541.8294,1,1,1,0
101.75281,1,1,1,0
413.44424,1,1,1,0
3.6253903,1,1,1,0
762.34454,1,1,1,0
751.73553,2,2,2,0
13.601842,1,1,1,0
916.4443,1.4000001,1.2,1.8000001,0.6000001
255.65968,1,1,1,0
512.5945,1,1,1,0
122.73952,1,1,1,0
445.625,1,1,1,0
61.839073,1,1,1,0
629.1756,1,1,1,0
834.13403,2,2,2,0
18.62176,1,1,1,0
855.88434,1.9666667,1.9000001,2,0.0999999
192.57384,1,1,1,0
517.08923,1,1,1,0
454.07394,1.3666668,1.2,1.7,0.5
500.54514,1,1,1,0
130.27353,1,1,1,0
504.04868,1,1,1,0
965.8598,1.4000001,1.2,1.8000001,0.6000001
25.655056,1,1,1,0
790.1104,2,2,2,0
978.2434,0.9,0.8,1,0.2
121.08651,1,1,1,0
548.3667,1,1,1,0
515.93964,1.4,1.2,1.8000001,0.6000001
559.97437,1,1,1,0
209.61542,1,1,1,0
396.4698,1,1,1,0
1072.9615,1.4000001,1.2,1.8000001,0.6000001
39.887405,1,1,1,0
752.65625,2,2,2,0
901.48615,1,1,1,0
86.23291,1,1,1,0
577.347,1,1,1,0
580.2553,1.4,1.2,1.8000001,0.6000001
605.32996,1,1,1,0
295.77307,1,1,1,0
298.60632,1,1,1,0
1161.6471,1.4000001,1.2,1.8000001,0.6000001
72.07849,1,1,1,0
749.02515,2,2,2,0
847.87317,1,1,1,0
35.576878,1,1,1,0
407.64,1,1,1,0
651.3713,1.9000001,1.8000001,2,0.1999999
642.766,1,1,1,0
969.76636,1.3000001,1,1.7,0.7
220.5724,1,1,1,0
1252.1324,1.4000001,1.2,1.8000001,0.6000001
106.56507,1,1,1,0
747.15485,2,2,2,0
767.4649,1,1,1,0
4.4733214,1,1,1,0
296.1358,1,1,1,0
713.8249,2,2,2,0
685.1386,1,1,1,0
884.3484,1.4,1.2,1.8000001,0.6000001
151.15236,1,1,1,0
1327.6536,1.4000001,1.2,1.8000001,0.6000001
134.17757,1,1,1,0
743.33594,2,2,2,0
694.9602,1,1,1,0
25.828754,1,1,1,0
145.67343,1,1,1,0
749.4719,2,2,2,0
758.30896,1,1,1,0
799.5095,1.4,1.2,1.8000001,0.6000001
81.15198,1,1,1,0
1388.4082,1.4000001,1.2,1.8000001,0.6000001
184.05133,1,1,1,0
749.66846,2,2,2,0
619.90826,1,1,1,0
40.153416,1,1,1,0
2.0835245,1,1,1,0
779.066,2,2,2,0
817.13324,1,1,1,0
872.98773,1.4,1.2,1.8000001,0.6000001
21.298649,1,1,1,0
1429.5819,1.4000001,1.2,1.8000001,0.6000001
236.59476,1,1,1,0
744.2819,2,2,2,0
520.15155,1,1,1,0
2470.3171,1.4750001,1,1.9000001,0.9000001
144.01675,1,1,1,0
792.9633,2,2,2,0
954.49023,1.4,1.2,1.8000001,0.6000001
43.73644,1,1,1,0
1456.1611,1.4000001,1.2,1.8000001,0.6000001
300.58545,1,1,1,0
742.10614,2,2,2,0
428.0037,1,1,1,0
2497.9473,1.55,1.2,1.9000001,0.7000001
789.7763,2,2,2,0
410.8919,0.9,0.8,1,0.2
399.6246,1,1,1,0
93.72506,1,1,1,0
1530.7379,1.4000001,1.2,1.8000001,0.6000001
372.6288,1,1,1,0
736.3145,2,2,2,0
320.33554,1,1,1,0
2518.5762,1.55,1.2,1.9000001,0.7000001
803.5273,2,2,2,0
335.73276,1,1,1,0
541.17896,1,1,1,0
139.17369,1,1,1,0
430.5017,1,1,1,0
730.07745,2,2,2,0
37.893482,1.1,1,1.2,0.2
192.05186,1,1,1,0
860.6203,2,2,2,0
813.10767,2,2,2,0
245.90779,1,1,1,0
661.72864,1,1,1,0
175.66943,1,1,1,0
1078.164,1.3666668,1.2,1.7,0.5
742.0949,2,2,2,0
13.031169,1,1,1,0
87.110695,1,1,1,0
785.1501,2,2,2,0
812.7503,2,2,2,0
148.00307,1,1,1,0
791.4945,1,1,1,0
220.02661,1,1,1,0
1052.6726,1.4,1.2,1.8000001,0.6000001
740.62305,2,2,2,0
8.738147,1,1,1,0
707.28467,2,2,2,0
783.2203,2,2,2,0
80.85711,1,1,1,0
933.84564,1,1,1,0
273.4803,1,1,1,0
1024.8641,1.4,1.2,1.8000001,0.6000001
800.2066,2,2,2,0
72.30547,1,1,1,0
625.694,2,2,2,0
1731.8516,1.9833333,1.2,2.7333333,1.5333333
32.79722,1,1,1,0
1072.8405,1,1,1,0
308.2749,1,1,1,0
1077.253,1.4,1.2,1.8000001,0.6000001
871.4739,2,2,2,0
142.339,1,1,1,0
549.17737,2,2,2,0
1740.4998,1.7,1.4000001,2.6000001,1.2
9.797088,1,1,1,0
326.8855,1,1,1,0
1080.941,1.4,1.2,1.8000001,0.6000001
945.7535,2,2,2,0
187.9956,1,1,1,0
489.26025,2,2,2,0
1752.5824,1.7,1.4000001,2.6000001,1.2
0.2555064,1,1,1,0
357.6546,1,1,1,0
1083.5437,1.4,1.2,1.8000001,0.6000001
1008.2063,2,2,2,0
220.64745,1,1,1,0
466.85483,2,2,2,0
1730.4672,1.7,1.4000001,2.6000001,1.2
291.9827,0.9,0.8,1,0.2
6.810112,1,1,1,0
388.55527,1,1,1,0
1030.3732,1.4,1.2,1.8000001,0.6000001
1070.6818,2,2,2,0
250.9672,1,1,1,0
448.16226,2,2,2,0
562.2508,1.5333334,1.4000001,1.8000001,0.4
436.8658,1,1,1,0
5.2965136,1,1,1,0
404.45456,1,1,1,0
934.1094,1.4,1.2,1.8000001,0.6000001
1208.6022,2,2,2,0
269.52985,1,1,1,0
368.83456,2,2,2,0
618.50525,1.4000001,1.2,1.8000001,0.6000001
543.4581,1,1,1,0
25.079704,1,1,1,0
417.4963,1,1,1,0
866.76654,1.4,1.2,1.8000001,0.6000001
1330.4594,2,2,2,0
277.92868,1,1,1,0
343.8292,2,2,2,0
677.5295,1.4000001,1.2,1.8000001,0.6000001
630.7695,1,1,1,0
30.169065,1,1,1,0
433.2404,1,1,1,0
810.6976,1.4,1.2,1.8000001,0.6000001
1440.9532,1.4333334,1.2,1.9000001,0.7000001
255.38159,1,1,1,0
334.99115,2,2,2,0
737.90717,1.4000001,1.2,1.8000001,0.6000001
711.00024,1,1,1,0
23.85819,1,1,1,0
1304.8695,1.2666668,1,1.8000001,0.8000001
896.6076,1.4,1.2,1.8000001,0.6000001
941.0017,1.1,1,1.2,0.2
212.93199,1,1,1,0
1588.2491,1.9466667,1,2.7333333,1.7333333
825.23883,1.4000001,1.2,1.8000001,0.6000001
44.080177,1,1,1,0
1267.3245,1.4000001,1.2,1.8000001,0.6000001
982.07324,1.4,1.2,1.8000001,0.6000001
915.17914,1,1,1,0
168.71576,1,1,1,0
1523.995,2.04,1.2,2.8000002,1.6000002
944.4563,1.4000001,1.2,1.8000001,0.6000001
68.24216,1,1,1,0
1231.4865,1.4000001,1.2,1.8000001,0.6000001
1052.8014,1.4,1.2,1.8000001,0.6000001
919.3819,1,1,1,0
110.49021,1,1,1,0
1506.569,2.04,1.2,2.8000002,1.6000002
1036.3374,1.4000001,1.2,1.8000001,0.6000001
79.4427,1,1,1,0
1191.3566,1.4000001,1.2,1.8000001,0.6000001
1133.2174,1.4,1.2,1.8000001,0.6000001
916.48956,1,1,1,0
1983.6356,2,1,2.8000002,1.8000002
39.651173,1,1,1,0
1096.9728,1.4000001,1.2,1.8000001,0.6000001
81.310486,1,1,1,0
1141.1304,1.4000001,1.2,1.8000001,0.6000001
1227.7113,1.4,1.2,1.8000001,0.6000001
894.79626,1,1,1,0
2050.926,2.0333335,1.2,2.8000002,1.6000002
30.44237,1,1,1,0
87.49937,1,1,1,0
1101.9435,1.4000001,1.2,1.8000001,0.6000001
0.7313343,1.1,1,1.2,0.2
1323.318,1.4,1.2,1.8000001,0.6000001
852.5307,1,1,1,0
2106.9177,2.0333335,1.2,2.8000002,1.6000002
110.87138,1,1,1,0
858.3655,0.9,0.8,1,0.2
90.075516,1,1,1,0
1045.2291,1.4000001,1.2,1.8000001,0.6000001
47.06778,1,1,1,0
1235.6808,1.4,1.2,1.8000001,0.6000001
772.6704,1,1,1,0
350.20764,1.1,1,1.2,0.2
200.62468,1,1,1,0
580.7139,2.1,1.4000001,2.8000002,1.4000001
681.3398,1,1,1,0
87.11611,1,1,1,0
1007.95337,1.4000001,1.2,1.8000001,0.6000001
77.41315,1,1,1,0
1149.4281,1.4,1.2,1.8000001,0.6000001
680.2652,1,1,1,0
390.24384,1,1,1,0
294.7184,1,1,1,0
566.97766,2.0833335,1.4000001,2.7333333,1.3333332
503.68414,1,1,1,0
87.539276,1,1,1,0
982.58624,1.4000001,1.2,1.8000001,0.6000001
115.80936,1,1,1,0
1079.7941,1.4,1.2,1.8000001,0.6000001
611.42664,1,1,1,0
402.4811,1,1,1,0
382.82477,1,1,1,0
534.3625,2.0833335,1.4000001,2.7333333,1.3333332
337.74127,1,1,1,0
88.75911,1,1,1,0
968.04865,1.4000001,1.2,1.8000001,0.6000001
165.2608,1,1,1,0
1034.9004,1.4,1.2,1.8000001,0.6000001
522.1934,1,1,1,0
384.12186,1,1,1,0
464.231,1,1,1,0
490.20898,2.5,2.2,2.8000002,0.6000002
183.15602,1,1,1,0
85.48792,1,1,1,0
954.54346,1.4000001,1.2,1.8000001,0.6000001
192.16261,1,1,1,0
993.44574,1.4,1.2,1.8000001,0.6000001
456.58344,1,1,1,0
392.67807,1,1,1,0
565.36005,1,1,1,0
469.59473,2.5333333,2.2,2.8666668,0.6666668
44.025932,1,1,1,0
80.10147,1,1,1,0
877.82074,1.4000001,1.2,1.8000001,0.6000001
233.56204,1,1,1,0
981.7558,1.4,1.2,1.8000001,0.6000001
384.01913,1,1,1,0
400.7124,1,1,1,0
651.1551,1,1,1,0
450.2003,2.5333333,2.2,2.8666668,0.6666668
85.41558,1,1,1,0
80.45415,1,1,1,0
795.0826,1.4000001,1.2,1.8000001,0.6000001
277.5222,1,1,1,0
1053.2885,1.4,1.2,1.8000001,0.6000001
323.94644,1,1,1,0
403.70892,1,1,1,0
776.20953,1,1,1,0
487.5895,2.5333333,2.2,2.8666668,0.6666668
216.26799,1,1,1,0
1830.1268,1.5000001,1,1.9000001,0.9000001
81.866104,1,1,1,0
316.7451,1,1,1,0
1119.9564,1.4,1.2,1.8000001,0.6000001
264.48593,1,1,1,0
373.08206,1,1,1,0
939.8909,1,1,1,0
480.05188,2.5333333,2.2,2.8666668,0.6666668
346.33243,1,1,1,0
1641.022,1.5500001,1.2,1.9000001,0.7000001
79.73641,1,1,1,0
377.15073,1,1,1,0
191.63521,1,1,1,0
209.4982,1,1,1,0
333.8674,1,1,1,0
1127.2964,1,1,1,0
493.7291,2.5333333,2.2,2.8666668,0.6666668
469.46024,1,1,1,0
1586.7389,1.5500001,1.2,1.9000001,0.7000001
84.316185,1,1,1,0
431.01492,1,1,1,0
259.03998,1,1,1,0
154.82474,1,1,1,0
281.88068,1,1,1,0
489.0065,2.5333333,2.2,2.8666668,0.6666668
589.69666,1,1,1,0
2862.3882,1.6,1,2,1
91.05245,1,1,1,0
489.94077,1,1,1,0
339.0481,1,1,1,0
107.98641,1,1,1,0
241.87543,1,1,1,0
461.77817,2.9333334,2.8666668,3,0.1333332
698.4601,1,1,1,0
2695.866,1.6400001,1.2,2,0.8
99.956795,1,1,1,0
529.15314,1,1,1,0
397.9942,1,1,1,0
77.15309,1,1,1,0
184.07558,1,1,1,0
500.4261,3,3,3,0
788.2207,1,1,1,0
1042.8014,1.4333334,1.2,1.9000001,0.7000001
940.4167,1.1,1,1.2,0.2
111.78568,1,1,1,0
606.6688,1,1,1,0
431.62674,1,1,1,0
56.448143,1,1,1,0
123.623634,1,1,1,0
585.98517,3,3,3,0
901.3244,1,1,1,0
1008.00507,1.4,1.2,1.8000001,0.6000001
919.87506,1,1,1,0
124.304474,1,1,1,0
688.7208,1,1,1,0
469.6269,1,1,1,0
74.80344,1,1,1,0
80.00438,1,1,1,0
652.66534,3,3,3,0
1010.724,1,1,1,0
977.4434,1.4,1.2,1.8000001,0.6000001
911.2138,1,1,1,0
133.60767,1,1,1,0
527.64764,1,1,1,0
87.88945,1,1,1,0
27.836193,1,1,1,0
715.4228,3,3,3,0
1081.9591,1,1,1,0
1014.88983,0.9,0.8,1,0.2
935.79175,1.9333334,1.9000001,2,0.0999999
909.1397,1,1,1,0
135.21611,1,1,1,0
607.65814,1,1,1,0
85.27181,1,1,1,0
26.630566,1,1,1,0
798.57794,2.5833333,2.2,3,0.8
1143.1786,1,1,1,0
937.9679,1,1,1,0
934.5411,2,2,2,0
916.4608,1,1,1,0
132.52429,1,1,1,0
689.06744,1,1,1,0
84.0753,1,1,1,0
88.42822,1,1,1,0
877.8632,2.5333333,2.2,2.8666668,0.6666668
859.5765,1,1,1,0
972.5108,2,2,2,0
924.6004,1,1,1,0
123.821884,1,1,1,0
84.08145,1,1,1,0
151.6824,1,1,1,0
851.48175,2.5333333,2.2,2.8666668,0.6666668
783.65717,1,1,1,0
1021.9285,2,2,2,0
940.52405,1,1,1,0
107.38235,1,1,1,0
84.284706,1,1,1,0
218.74991,1,1,1,0
850.2081,2.5333333,2.2,2.8666668,0.6666668
703.4921,1,1,1,0
1074.2311,2,2,2,0
944.25256,1,1,1,0
93.74242,1,1,1,0
83.70029,1,1,1,0
294.52908,1,1,1,0
882.60913,2.5333333,2.2,2.8666668,0.6666668
611.1846,1,1,1,0
1143.5756,2,2,2,0
953.9856,1,1,1,0
948.2808,1.3666668,1.2,1.7,0.5
85.99153,1,1,1,0
400.23993,1,1,1,0
957.4543,2.5333333,2.2,2.8666668,0.6666668
505.90683,1,1,1,0
1194.558,1.4000001,1.2,1.8000001,0.6000001
933.343,1,1,1,0
804.4805,1.9000001,1.8000001,2,0.1999999
81.82278,1,1,1,0
495.39325,1,1,1,0
1027.4877,1.625,1.2,2.1,0.9
392.08325,1,1,1,0
1240.226,1.4000001,1.2,1.8000001,0.6000001
943.99835,1,1,1,0
666.92,2,2,2,0
79.10312,1,1,1,0
592.04724,1,1,1,0
1095.8433,1.55,1.2,1.9000001,0.7000001
263.2678,1,1,1,0
1265.6871,1.4000001,1.2,1.8000001,0.6000001
963.56476,1,1,1,0
547.3847,2,2,2,0
77.55001,1,1,1,0
679.2551,1,1,1,0
1120.6097,1.55,1.2,1.9000001,0.7000001
125.41145,1,1,1,0
1290.4486,1.4000001,1.2,1.8000001,0.6000001
967.8081,1,1,1,0
428.41995,2,2,2,0
77.3161,1,1,1,0
797.34595,1,1,1,0
1098.7908,1.55,1.2,1.9000001,0.7000001
14.137431,1,1,1,0
1318.0927,1.4000001,1.2,1.8000001,0.6000001
956.82874,1,1,1,0
324.62637,2,2,2,0
77.12855,1,1,1,0
930.0671,1,1,1,0
1082.112,1.55,1.2,1.9000001,0.7000001
1067.6234,1.2666668,1,1.8000001,0.8000001
1357.9222,1.4000001,1.2,1.8000001,0.6000001
913.6582,1,1,1,0
427.0538,2,2,2,0
77.26348,1,1,1,0
1698.2753,1.6666669,1.2,2,0.8
1191.3129,1.4000001,1.2,1.8000001,0.6000001
1530.5664,1.4000001,1.2,1.8000001,0.6000001
883.25543,1,1,1,0
527.509,2,2,2,0
2655.197,1.5000001,1,1.9000001,0.9000001
73.63554,1,1,1,0
1740.015,1.6999999,1.2,2,0.8
1312.361,1.4000001,1.2,1.8000001,0.6000001
826.25836,1,1,1,0
649.01984,2,2,2,0
2746.0032,1.5500001,1.2,1.9000001,0.7000001
73.932526,1,1,1,0
1367.9829,1.6400001,1.2,2,0.8
1429.5123,1.4000001,1.2,1.8000001,0.6000001
748.61566,1,1,1,0
791.24347,2,2,2,0
2802.7961,1.5500001,1.2,1.9000001,0.7000001
74.64905,1,1,1,0
1384.8452,2,1.2,2.8000002,1.6000002
1513.3501,1.4000001,1.2,1.8000001,0.6000001
688.8195,1,1,1,0
941.13837,2,2,2,0
2843.7378,1.5500001,1.2,1.9000001,0.7000001
75.83984,1,1,1,0
1384.7971,2.0400002,1.2,2.8000002,1.6000002
1598.027,1.4000001,1.2,1.8000001,0.6000001
1762.8844,1.3666668,1.2,1.7,0.5
1100.9486,2,2,2,0
695.4452,1.1,1,1.2,0.2
73.67423,1,1,1,0
1409.1404,2.0400002,1.2,2.8000002,1.6000002
620.8415,1.1,1,1.2,0.2
1565.5106,1.4,1.2,1.8000001,0.6000001
238.89204,1.1,1,1.2,0.2
1282.6346,1.4666667,1.2,2,0.8
2219.8958,1.3000001,1,1.7,0.7
70.99859,1,1,1,0
1426.7228,2.0400002,1.2,2.8000002,1.6000002
656.7524,1,1,1,0
1362.4316,1.4,1.2,1.8000001,0.6000001
171.96333,1,1,1,0
1460.7152,1.4,1.2,1.8000001,0.6000001
517.3183,1.1,1,1.2,0.2
71.13907,1,1,1,0
1436.0977,2.0400002,1.2,2.8000002,1.6000002
686.1763,1,1,1,0
1168.7236,1.4,1.2,1.8000001,0.6000001
113.22504,1,1,1,0
604.4274,1,1,1,0
411.7764,1,1,1,0
61.920605,1,1,1,0
1447.325,2.0400002,1.2,2.8000002,1.6000002
716.99023,1,1,1,0
990.354,1.4,1.2,1.8000001,0.6000001
62.781128,1,1,1,0
317.64017,1,1,1,0
52.137684,1,1,1,0
1511.5817,2.0400002,1.2,2.8000002,1.6000002
738.58966,1,1,1,0
836.5122,1.4,1.2,1.8000001,0.6000001
18.57216,1,1,1,0
188.30771,1,1,1,0
39.64367,1,1,1,0
1648.5732,2.0400002,1.2,2.8000002,1.6000002
763.1049,1,1,1,0
687.7351,1.9000001,1.8000001,2,0.1999999
80.18872,1,1,1,0
36.726814,1,1,1,0
39.435047,1,1,1,0
1735.7073,2.0400002,1.2,2.8000002,1.6000002
775.0418,1,1,1,0
555.5551,2,2,2,0
152.26498,1,1,1,0
121.00029,1,1,1,0
1997.783,1.5800002,1.2,1.9000001,0.7000001
778.1257,1.6,1.2,1.9000001,0.7000001
780.1316,1,1,1,0
424.67728,2,2,2,0
285.57812,1,1,1,0
1970.4031,1.6400001,1.2,2,0.8
845.55664,1.5500001,1.2,1.9000001,0.7000001
783.3483,1,1,1,0
303.21616,2,2,2,0
442.32285,1,1,1,0
1933.1062,1.6400001,1.2,2,0.8
904.01825,1.5500001,1.2,1.9000001,0.7000001
777.0195,1,1,1,0
270.47687,2,2,2,0
595.0469,1,1,1,0
1885.0035,1.6400001,1.2,2,0.8
1019.0039,1.9833333,1.2,2.7333333,1.5333333
766.9254,1,1,1,0
391.14896,2,2,2,0
729.53125,1,1,1,0
2312.428,1.6500001,1,2,1
1137.6718,2.0833333,1.4000001,2.7333333,1.3333332
1390.9686,1.2666668,1,1.8000001,0.8000001
513.56903,2,2,2,0
851.88586,1,1,1,0
2220.2346,1.6999999,1.2,2,0.8
3045.7024,2.02,1.2,2.8000002,1.6000002
1331.2383,1.4000001,1.2,1.8000001,0.6000001
661.60406,2,2,2,0
981.2274,1,1,1,0
2143.0986,1.6999999,1.2,2,0.8
3004.495,2.04,1.2,2.8000002,1.6000002
1291.3612,1.4000001,1.2,1.8000001,0.6000001
801.44037,2,2,2,0
2077.876,1.6999999,1.2,2,0.8
810.71045,1,1,1,0
283.4089,2.0666666,2,2.1,0.1
1223.56,1.4000001,1.2,1.8000001,0.6000001
965.9871,1.4666667,1.2,2,0.8
2003.0273,2.0166667,1.2,2.8000002,1.6000002
667.66644,1,1,1,0
285.3297,2,2,2,0
1179.298,1.4000001,1.2,1.8000001,0.6000001
1132.1969,1.4,1.2,1.8000001,0.6000001
1407.1682,2.4533334,1.4000001,2.9333334,1.5333333
533.0028,1,1,1,0
341.83646,2,2,2,0
1183.7211,1.4000001,1.2,1.8000001,0.6000001
451.07306,1,1,1,0
1332.5336,2.8266666,2.2,3.7,1.5
406.73022,1,1,1,0
399.5007,2,2,2,0
1197.3613,1.4000001,1.2,1.8000001,0.6000001
528.1671,1,1,1,0
1351.5543,2.5700002,1.6,3.65,2.05
292.9911,1,1,1,0
435.7666,2,2,2,0
1220.8396,1.4000001,1.2,1.8000001,0.6000001
632.2277,1,1,1,0
1379.3585,2.23,1.6,3.55,1.95
1356.8385,1.2666668,1,1.8000001,0.8000001
467.87753,2,2,2,0
1260.6007,1.4000001,1.2,1.8000001,0.6000001
730.28534,1,1,1,0
1404.0667,2.22,1.6,3.5,1.9
1217.3008,1.4000001,1.2,1.8000001,0.6000001
489.4324,2,2,2,0
1323.8195,1.4000001,1.2,1.8000001,0.6000001
852.34534,1,1,1,0
1415.7424,2.22,1.6,3.5,1.9
1098.449,1.4000001,1.2,1.8000001,0.6000001
507.57053,2,2,2,0
1393.401,1.4000001,1.2,1.8000001,0.6000001
1430.6013,2.22,1.6,3.5,1.9
1110.8632,1.4000001,1.2,1.8000001,0.6000001
509.03317,2,2,2,0
1430.5287,1.4000001,1.2,1.8000001,0.6000001
1445.0331,1.8133335,1.2,2.6666667,1.4666667
1127.9694,1.4000001,1.2,1.8000001,0.6000001
407.65213,2,2,2,0
1462.1543,1.4000001,1.2,1.8000001,0.6000001
700.11707,0.9,0.8,1,0.2
1444.8097,1.7333333,1.2,2.6666667,1.4666667
1152.7384,1.4000001,1.2,1.8000001,0.6000001
364.88684,2,2,2,0
848.34753,1.1,1,1.2,0.2
747.4227,0.9,0.8,1,0.2
627.28314,1,1,1,0
1148.5597,1.3333334,1,1.8000001,0.8000001
1456.0847,1.7333333,1.2,2.6666667,1.4666667
1163.4603,1.4000001,1.2,1.8000001,0.6000001
330.14548,2,2,2,0
666.8375,1,1,1,0
538.3751,1,1,1,0
220.39943,1.1,1,1.2,0.2
1459.7437,1.7333333,1.2,2.6666667,1.4666667
1170.1571,1.4000001,1.2,1.8000001,0.6000001
264.69904,2,2,2,0
591.8446,1,1,1,0
452.7929,1,1,1,0
193.85292,1,1,1,0
1460.108,1.7333333,1.2,2.6666667,1.4666667
1179.683,1.4000001,1.2,1.8000001,0.6000001
202.18428,2,2,2,0
506.88504,1,1,1,0
323.46558,1,1,1,0
3171.7097,1.375,0.8,1.9000001,1.1000001
1467.5614,1.7333333,1.2,2.6666667,1.4666667
1193.792,1.4000001,1.2,1.8000001,0.6000001
141.98589,2,2,2,0
430.10654,1,1,1,0
196.7322,1,1,1,0
2378.9211,1.68,1.2,2.6000001,1.4000001
1693.1382,1.625,1.2,2,0.8
1267.3463,1.4000001,1.2,1.8000001,0.6000001
155.12718,2,2,2,0
359.73523,1,1,1,0
63.905785,1,1,1,0
2221.9292,1.7333333,1.2,2.6666667,1.4666667
2819.3022,1.6200001,1.2,2,0.8
1412.4292,1.4000001,1.2,1.8000001,0.6000001
200.00981,2,2,2,0
294.1635,1,1,1,0
68.592255,1,1,1,0
2097.6523,1.7333333,1.2,2.6666667,1.4666667
1890.688,1.55,1.2,1.9000001,0.7000001
1515.1289,1.4000001,1.2,1.8000001,0.6000001
214.77525,2,2,2,0
228.31664,1,1,1,0
534.2109,0.9,0.8,1,0.2
200.07112,1,1,1,0
2018.3264,1.7333333,1.2,2.6666667,1.4666667
1837.7551,1.55,1.2,1.9000001,0.7000001
994.6796,0.9,0.8,1,0.2
268.53055,2,2,2,0
325.90216,1.1,1,1.2,0.2
159.8754,1,1,1,0
433.5906,1,1,1,0
328.02454,1,1,1,0
1968.3259,1.7333333,1.2,2.6666667,1.4666667
687.6744,1.4333334,1.2,1.9000001,0.7000001
868.9964,1,1,1,0
317.53488,2,2,2,0
381.38626,1,1,1,0
94.81174,1,1,1,0
327.4504,1,1,1,0
455.2596,1,1,1,0
1924.6145,1.7333333,1.2,2.6666667,1.4666667
644.74524,1.9000001,1.8000001,2,0.1999999
798.4571,1,1,1,0
366.16296,2,2,2,0
440.4179,1,1,1,0
34.616314,1,1,1,0
248.296,1,1,1,0
560.6672,1,1,1,0
1892.6731,1.7333333,1.2,2.6666667,1.4666667
631.51056,2,2,2,0
731.74603,1,1,1,0
408.8368,2,2,2,0
484.4523,1,1,1,0
23.217407,1,1,1,0
191.39816,1,1,1,0
524.194,1,1,1,0
1879.469,1.7333333,1.2,2.6666667,1.4666667
625.6666,2,2,2,0
696.8368,1,1,1,0
457.52417,2,2,2,0
505.22955,1,1,1,0
42.808235,1,1,1,0
128.48122,1,1,1,0
526.5889,1,1,1,0
1892.1979,1.7333333,1.2,2.6666667,1.4666667
613.33624,2,2,2,0
660.2333,1,1,1,0
531.95374,2,2,2,0
496.17102,1,1,1,0
73.71287,1,1,1,0
58.142845,1,1,1,0
529.9844,1,1,1,0
1900.6918,1.7333333,1.2,2.6666667,1.4666667
603.70056,2,2,2,0
628.4408,1,1,1,0
594.3819,2,2,2,0
468.4718,1,1,1,0
78.37539,1,1,1,0
2.8762927,1,1,1,0
543.6769,1,1,1,0
1905.3275,1.7333333,1.2,2.6666667,1.4666667
594.8619,2,2,2,0
595.64417,1,1,1,0
645.38544,2,2,2,0
412.35492,1,1,1,0
50.939224,1,1,1,0
59.748833,1,1,1,0
567.2447,1,1,1,0
1903.5642,1.7333333,1.2,2.6666667,1.4666667
577.12604,2,2,2,0
557.2517,1,1,1,0
590.7391,2,2,2,0
345.72885,1,1,1,0
54.60482,1,1,1,0
123.54642,1,1,1,0
570.0623,1,1,1,0
1900.9736,1.7333333,1.2,2.6666667,1.4666667
553.48236,2,2,2,0
3009.0706,1.5250001,1.2,1.9000001,0.7000001
570.9379,2,2,2,0
200.57216,0.9,0.8,1,0.2
135.08202,1,1,1,0
182.5799,1,1,1,0
582.64984,1,1,1,0
1892.2766,1.7333333,1.2,2.6666667,1.4666667
525.7392,2,2,2,0
2973.0742,1.55,1.2,1.9000001,0.7000001
708.4699,2,2,2,0
191.0228,1,1,1,0
198.75916,1,1,1,0
246.39653,1,1,1,0
1871.6373,1.7333333,1.2,2.6666667,1.4666667
503.91098,2,2,2,0
2884.8818,1.55,1.2,1.9000001,0.7000001
714.6193,1.4666667,1.2,2,0.8
192.20387,1,1,1,0
283.6175,1,1,1,0
300.08975,1,1,1,0
42.46499,1.1,1,1.2,0.2
933.93774,1.4666668,1.2,1.8000001,0.6000001
486.38168,2,2,2,0
1008.616,0.9,0.8,1,0.2
2920.4597,1.55,1.2,1.9000001,0.7000001
42.67264,1,1,1,0
189.5119,1,1,1,0
377.29535,1,1,1,0
336.08975,1,1,1,0
64.1684,1,1,1,0
883.11176,1.4,1.2,1.8000001,0.6000001
518.009,2,2,2,0
820.2462,1,1,1,0
2981.5857,1.55,1.2,1.9000001,0.7000001
48.170074,1,1,1,0
168.69128,1,1,1,0
496.57556,1,1,1,0
349.19495,1,1,1,0
94.96875,1,1,1,0
844.0795,1.4,1.2,1.8000001,0.6000001
534.4723,2,2,2,0
642.1003,1,1,1,0
3398.2703,1.72,1.2,2.6000001,1.4000001
104.843506,1,1,1,0
155.29541,1,1,1,0
629.5694,1,1,1,0
341.99286,1,1,1,0
135.97073,1,1,1,0
855.9798,1.4,1.2,1.8000001,0.6000001
486.05087,2,2,2,0
480.75067,1,1,1,0
1935.7902,2.0416667,1.4000001,2.6666667,1.2666666
146.3665,1,1,1,0
148.79755,1,1,1,0
774.87317,1,1,1,0
320.46448,1,1,1,0
180.79556,1,1,1,0
869.26044,1.4,1.2,1.8000001,0.6000001
482.88358,2,2,2,0
321.79477,1,1,1,0
1727.8344,2.0833333,1.4000001,2.7333333,1.3333332
129.36566,1,1,1,0
142.00887,1,1,1,0
914.8609,1,1,1,0
278.01382,1,1,1,0
225.68199,1,1,1,0
1976.6816,1.5250001,1.2,1.9000001,0.7000001
467.78958,2,2,2,0
176.97722,1,1,1,0
1527.5054,2.0833333,1.4000001,2.7333333,1.3333332
525.0308,1.3666668,1.2,1.7,0.5
148.0916,1,1,1,0
249.42561,1,1,1,0
475.0056,1.3666668,1.2,1.7,0.5
1984.3064,1.55,1.2,1.9000001,0.7000001
450.1195,1.4000001,1.2,1.8000001,0.6000001
52.375267,1,1,1,0
1334.5801,2.0833333,1.4000001,2.7333333,1.3333332
463.5165,1.4,1.2,1.8000001,0.6000001
154.71533,1,1,1,0
220.79562,1,1,1,0
632.60535,0.9,0.8,1,0.2
466.46585,1.4,1.2,1.8000001,0.6000001
1970.8428,1.55,1.2,1.9000001,0.7000001
426.9746,1.4000001,1.2,1.8000001,0.6000001
59.87632,1,1,1,0
1156.7284,2.0833333,1.4000001,2.7333333,1.3333332
406.75967,1.4,1.2,1.8000001,0.6000001
167.87506,1,1,1,0
167.22014,1,1,1,0
974.77264,0.9,0.8,1,0.2
638.5821,1,1,1,0
440.3536,1.4,1.2,1.8000001,0.6000001
1948.1598,1.55,1.2,1.9000001,0.7000001
393.9208,1.4000001,1.2,1.8000001,0.6000001
177.49606,1,1,1,0
986.9862,2.0833333,1.4000001,2.7333333,1.3333332
313.13556,1.4,1.2,1.8000001,0.6000001
196.57892,1,1,1,0
779.12024,1,1,1,0
672.259,1,1,1,0
405.9775,1.4,1.2,1.8000001,0.6000001
1936.1704,1.55,1.2,1.9000001,0.7000001
364.27005,1.4000001,1.2,1.8000001,0.6000001
288.48215,1,1,1,0
836.51587,2.4833333,2.2,2.8000002,0.6000002
89.68399,0.9,0.8,1,0.2
181.45433,1.4,1.2,1.8000001,0.6000001
226.28998,1,1,1,0
609.1704,1,1,1,0
706.494,1,1,1,0
411.22592,1.4,1.2,1.8000001,0.6000001
842.0039,1.4,1.2,1.8000001,0.6000001
350.70206,1.4000001,1.2,1.8000001,0.6000001
412.62973,1,1,1,0
699.7336,2.9166667,2.8666668,3,0.1333332
145.92647,1,1,1,0
142.98111,1.4,1.2,1.8000001,0.6000001
252.34761,1,1,1,0
452.59888,1,1,1,0
719.93646,1,1,1,0
408.83847,1.4,1.2,1.8000001,0.6000001
822.70135,1.4,1.2,1.8000001,0.6000001
359.82434,1.4000001,1.2,1.8000001,0.6000001
534.2979,1,1,1,0
646.56195,3,3,3,0
199.1763,1,1,1,0
204.49644,1.4,1.2,1.8000001,0.6000001
278.28436,1,1,1,0
316.84137,1,1,1,0
724.9923,1,1,1,0
383.5814,1.4,1.2,1.8000001,0.6000001
785.6291,1.4,1.2,1.8000001,0.6000001
402.16382,1.4000001,1.2,1.8000001,0.6000001
665.45306,1,1,1,0
599.90985,3,3,3,0
241.90845,1,1,1,0
308.14087,1.4,1.2,1.8000001,0.6000001
282.22433,1,1,1,0
206.319,1,1,1,0
730.10565,1,1,1,0
380.39685,1.4,1.2,1.8000001,0.6000001
721.5134,1.4,1.2,1.8000001,0.6000001
450.2539,1.4000001,1.2,1.8000001,0.6000001
789.8974,1,1,1,0
556.85895,3,3,3,0
277.35098,1,1,1,0
442.47253,1.4,1.2,1.8000001,0.6000001
293.86545,1,1,1,0
109.41341,1,1,1,0
729.9076,1,1,1,0
375.65466,1.9000001,1.8000001,2,0.1999999
613.65796,1.4,1.2,1.8000001,0.6000001
278.9969,1.1,1,1.2,0.2
920.42584,1,1,1,0
591.66486,3,3,3,0
276.527,1,1,1,0
538.55707,1.4,1.2,1.8000001,0.6000001
23.256794,1,1,1,0
728.2741,1,1,1,0
361.20706,2,2,2,0
527.3673,1.4,1.2,1.8000001,0.6000001
299.55914,1,1,1,0
667.9819,3,3,3,0
258.24445,1,1,1,0
614.215,1.4,1.2,1.8000001,0.6000001
48.0908,1,1,1,0
721.6079,1,1,1,0
333.8621,2,2,2,0
435.39832,1.4,1.2,1.8000001,0.6000001
316.03943,1,1,1,0
740.7985,3,3,3,0
225.2948,1,1,1,0
669.83185,1.4,1.2,1.8000001,0.6000001
653.0771,1.3000001,1,1.7,0.7
721.19446,1,1,1,0
329.34683,2,2,2,0
331.26932,1.4,1.2,1.8000001,0.6000001
1156.0464,1.2666668,1,1.8000001,0.8000001
790.2208,3,3,3,0
173.71034,1,1,1,0
686.2463,1.4,1.2,1.8000001,0.6000001
524.91144,1.4,1.2,1.8000001,0.6000001
727.62317,1,1,1,0
324.49167,2,2,2,0
233.94334,1.4,1.2,1.8000001,0.6000001
1142.7191,1.4000001,1.2,1.8000001,0.6000001
850.48096,3,3,3,0
117.77496,1,1,1,0
52.70161,1,1,1,0
382.44275,1.4,1.2,1.8000001,0.6000001
728.5426,1,1,1,0
313.89185,2,2,2,0
138.3018,1.4,1.2,1.8000001,0.6000001
1128.3342,1.4000001,1.2,1.8000001,0.6000001
921.3205,3,3,3,0
70.62811,1,1,1,0
672.31006,1.3000001,1,1.7,0.7
349.56143,1.4,1.2,1.8000001,0.6000001
724.9176,1,1,1,0
294.12418,2,2,2,0
155.16269,1.4,1.2,1.8000001,0.6000001
1150.5757,1.4000001,1.2,1.8000001,0.6000001
993.40247,3,3,3,0
160.59482,1,1,1,0
669.7093,1.4,1.2,1.8000001,0.6000001
315.50092,1.4,1.2,1.8000001,0.6000001
727.19415,1,1,1,0
255.99303,2,2,2,0
274.59427,1.4,1.2,1.8000001,0.6000001
1286.8043,1.4000001,1.2,1.8000001,0.6000001
1065.9335,2.55,2.2,2.9333334,0.7333334
240.34914,1,1,1,0
719.166,1.4,1.2,1.8000001,0.6000001
403.06155,1.4,1.2,1.8000001,0.6000001
726.87415,1,1,1,0
234.58705,2,2,2,0
406.8103,1.4,1.2,1.8000001,0.6000001
1428.4264,1.4000001,1.2,1.8000001,0.6000001
1152.9883,2.5333333,2.2,2.8666668,0.6666668
333.7533,1,1,1,0
844.27246,1.4,1.2,1.8000001,0.6000001
400.38882,1.4,1.2,1.8000001,0.6000001
721.2888,1,1,1,0
207.00311,2,2,2,0
499.07565,1.4,1.2,1.8000001,0.6000001
1573.4037,1.4000001,1.2,1.8000001,0.6000001
1242.9581,1.65,1.2,2.1,0.9
440.36142,1,1,1,0
963.4079,1.4,1.2,1.8000001,0.6000001
1183.2946,0.9,0.8,1,0.2
397.8993,1.4,1.2,1.8000001,0.6000001
726.89307,1,1,1,0
200.93388,2,2,2,0
576.939,1.4,1.2,1.8000001,0.6000001
1724.7631,1.4000001,1.2,1.8000001,0.6000001
2095.064,1.6200001,1.2,2,0.8
554.10297,1,1,1,0
1096.9249,1.4,1.2,1.8000001,0.6000001
993.4152,1,1,1,0
394.1218,1.4,1.2,1.8000001,0.6000001
733.0335,1,1,1,0
222.92737,2,2,2,0
645.3518,1.4,1.2,1.8000001,0.6000001
1873.4868,1.4000001,1.2,1.8000001,0.6000001
2054.808,1.64,1.2,2,0.8
668.96954,1,1,1,0
1221.2596,1.4,1.2,1.8000001,0.6000001
850.39,1,1,1,0
358.611,1.4,1.2,1.8000001,0.6000001
739.0799,1,1,1,0
228.04591,2,2,2,0
703.5961,1.4,1.2,1.8000001,0.6000001
2018.9672,1.4000001,1.2,1.8000001,0.6000001
2002.2985,1.64,1.2,2,0.8
812.5518,1,1,1,0
1352.3682,1.4,1.2,1.8000001,0.6000001
1492.0914,1.2666668,1,1.8000001,0.8000001
310.68054,1.4,1.2,1.8000001,0.6000001
739.08374,1,1,1,0
255.86284,2,2,2,0
808.2246,1.4,1.2,1.8000001,0.6000001
397.07855,1.1,1,1.2,0.2
1933.5935,1.64,1.2,2,0.8
942.40344,1,1,1,0
2829.649,1.5,1,1.9000001,0.9000001
1359.9424,1.4000001,1.2,1.8000001,0.6000001
238.8586,1.4,1.2,1.8000001,0.6000001
735.4572,1,1,1,0
272.4032,2,2,2,0
911.5363,1.4,1.2,1.8000001,0.6000001
390.28198,1,1,1,0
1883.5446,1.96,1.2,2.8000002,1.6000002
1100.8738,1,1,1,0
2784.615,1.55,1.2,1.9000001,0.7000001
1204.9474,1.4000001,1.2,1.8000001,0.6000001
157.07924,1.4,1.2,1.8000001,0.6000001
730.35736,1,1,1,0
376.18018,2,2,2,0
1037.0651,1.4,1.2,1.8000001,0.6000001
386.80298,1,1,1,0
1888.7682,2.0400002,1.2,2.8000002,1.6000002
322.11353,1.1,1,1.2,0.2
753.16455,1,1,1,0
1053.9186,1.4000001,1.2,1.8000001,0.6000001
50.97963,1.4,1.2,1.8000001,0.6000001
731.4198,1,1,1,0
443.75558,2,2,2,0
385.06873,1,1,1,0
1876.6754,2.0400002,1.2,2.8000002,1.6000002
231.70468,1,1,1,0
576.97906,1,1,1,0
800.4361,1,1,1,0
882.9365,1.4000001,1.2,1.8000001,0.6000001
44.023617,1.4,1.2,1.8000001,0.6000001
738.82465,1,1,1,0
502.34903,2,2,2,0
384.90836,1,1,1,0
586.2226,2.0833333,1.4000001,2.7333333,1.3333332
148.84077,1,1,1,0
611.63464,1,1,1,0
790.3306,1,1,1,0
694.8533,1.4000001,1.2,1.8000001,0.6000001
164.47856,1.4,1.2,1.8000001,0.6000001
732.35614,1,1,1,0
598.06506,2,2,2,0
385.77655,1,1,1,0
445.5903,2.0833333,1.4000001,2.7333333,1.3333332
61.077118,1,1,1,0
618.3441,1,1,1,0
770.1644,1,1,1,0
549.5682,1.4000001,1.2,1.8000001,0.6000001
186.91002,1.1,1,1.2,0.2
750.05383,1,1,1,0
719.3632,2,2,2,0
399.19196,1,1,1,0
303.26392,2.0833333,1.4000001,2.7333333,1.3333332
8.96878,1,1,1,0
880.38873,0.9,0.8,1,0.2
612.8608,1,1,1,0
760.1766,1,1,1,0
547.97424,1.4000001,1.2,1.8000001,0.6000001
258.01358,1,1,1,0
819.5569,2,2,2,0
409.00208,1,1,1,0
396.33728,2.0833333,1.4000001,2.7333333,1.3333332
63.112103,1,1,1,0
791.4765,1,1,1,0
603.02246,1,1,1,0
739.4154,1,1,1,0
549.3823,1.4000001,1.2,1.8000001,0.6000001
303.37915,1,1,1,0
3477.8303,2.0916665,1,3.45,2.45
421.57938,1,1,1,0
551.0977,2.0833333,1.4000001,2.7333333,1.3333332
96.75694,1,1,1,0
778.1644,1,1,1,0
684.60394,1,1,1,0
617.9419,1.4000001,1.2,1.8000001,0.6000001
357.96332,1,1,1,0
3453.0664,2.1416667,1.2,3.55,2.35
441.0695,1,1,1,0
669.4398,2.0833333,1.4000001,2.7333333,1.3333332
109.00005,1,1,1,0
788.35205,1,1,1,0
623.2396,1,1,1,0
800.43195,1.4000001,1.2,1.8000001,0.6000001
411.44577,1,1,1,0
2966.459,1.5500001,1.2,1.9000001,0.7000001
468.0232,1,1,1,0
782.91614,2.0833333,1.4000001,2.7333333,1.3333332
105.951256,1,1,1,0
762.12134,1,1,1,0
545.6365,1,1,1,0
118.212204,1.1,1,1.2,0.2
1010.05133,1.4000001,1.2,1.8000001,0.6000001
444.77155,1,1,1,0
2870.5847,1.5500001,1.2,1.9000001,0.7000001
499.5984,1,1,1,0
893.51135,2.0833333,1.4000001,2.7333333,1.3333332
80.73196,1,1,1,0
2125.933,1.5000001,1,1.9000001,0.9000001
457.40335,1,1,1,0
115.739006,1,1,1,0
494.0492,1,1,1,0
2737.9387,1.5500001,1.2,1.9000001,0.7000001
518.5684,1,1,1,0
1001.2432,2.0833333,1.4000001,2.7333333,1.3333332
1224.0021,1.5250001,1.2,1.9000001,0.7000001
2138.8506,1.5500001,1.2,1.9000001,0.7000001
112.81178,1,1,1,0
2634.1475,1.5500001,1.2,1.9000001,0.7000001
526.31024,1,1,1,0
1116.4597,2.0833333,1.4000001,2.7333333,1.3333332
1208.2244,1.55,1.2,1.9000001,0.7000001
2148.669,1.5500001,1.2,1.9000001,0.7000001
109.684685,1,1,1,0
57.534332,0.9,0.8,1,0.2
2560.4026,1.5500001,1.2,1.9000001,0.7000001
709.4384,1.3333334,1,1.8000001,0.8000001
530.1539,1,1,1,0
1268.0914,2.0833333,1.4000001,2.7333333,1.3333332
1179.1764,1.5,1,1.9000001,0.9000001
2179.1296,1.5500001,1.2,1.9000001,0.7000001
105.79813,1,1,1,0
2485.449,1.5500001,1.2,1.9000001,0.7000001
528.10065,1.4,1.2,1.8000001,0.6000001
521.9381,1,1,1,0
1426.0498,1.6250001,1.2,2,0.8
1147.3608,1.55,1.2,1.9000001,0.7000001
2189.3738,1.5500001,1.2,1.9000001,0.7000001
139.5943,1,1,1,0
2406.4438,1.5500001,1.2,1.9000001,0.7000001
344.94873,1.4,1.2,1.8000001,0.6000001
516.86523,1,1,1,0
1568.6827,1.5500001,1.2,1.9000001,0.7000001
1121.3899,1.55,1.2,1.9000001,0.7000001
2222.9917,1.5500001,1.2,1.9000001,0.7000001
185.77243,1,1,1,0
2290.8115,1.5500001,1.2,1.9000001,0.7000001
167.56349,1.4,1.2,1.8000001,0.6000001
494.05725,1,1,1,0
1688.2544,1.5500001,1.2,1.9000001,0.7000001
1180.4072,1.55,1.2,1.9000001,0.7000001
2286.3662,1.5500001,1.2,1.9000001,0.7000001
229.38402,1,1,1,0
2178.6064,1.5500001,1.2,1.9000001,0.7000001
107.18204,1.4,1.2,1.8000001,0.6000001
477.73502,1,1,1,0
1251.5055,1.9916667,1.2,2.6666667,1.4666667
2370.4465,1.5500001,1.2,1.9000001,0.7000001
199.98857,1.4000001,1.2,1.8000001,0.6000001
268.4137,1,1,1,0
77.58781,0.9,0.8,1,0.2
2050.814,1.5500001,1.2,1.9000001,0.7000001
271.24625,1.4,1.2,1.8000001,0.6000001
464.69943,1,1,1,0
1244.5337,2.0833333,1.4000001,2.7333333,1.3333332
2432.83,1.5500001,1.2,1.9000001,0.7000001
233.32257,1.4000001,1.2,1.8000001,0.6000001
283.92963,1,1,1,0
26.39547,1,1,1,0
1886.2096,1.5500001,1.2,1.9000001,0.7000001
429.9105,1.4,1.2,1.8000001,0.6000001
439.60062,1,1,1,0
1219.1781,2.0833333,1.4000001,2.7333333,1.3333332
2548.4316,1.5500001,1.2,1.9000001,0.7000001
402.21838,1.4000001,1.2,1.8000001,0.6000001
271.7844,1,1,1,0
124.55491,1,1,1,0
893.7972,1.4333334,1.2,1.9000001,0.7000001
590.4422,1.4,1.2,1.8000001,0.6000001
408.27356,1,1,1,0
1205.6312,2.0833333,1.4000001,2.7333333,1.3333332
1184.646,1.4333334,1.2,1.9000001,0.7000001
562.0879,1.4000001,1.2,1.8000001,0.6000001
249.2722,1,1,1,0
172.62459,1,1,1,0
772.7059,1.4,1.2,1.8000001,0.6000001
745.48834,1.4,1.2,1.8000001,0.6000001
384.6507,1,1,1,0
1194.988,2.0833333,1.4000001,2.7333333,1.3333332
1286.0951,1.4,1.2,1.8000001,0.6000001
741.84406,1.4000001,1.2,1.8000001,0.6000001
908.9803,1.2666668,1,1.8000001,0.8000001
207.43364,1,1,1,0
2100.3938,1.5,1.2,1.8000001,0.6000001
898.5854,1.4,1.2,1.8000001,0.6000001
340.65048,1,1,1,0
1374.8394,1.4,1.2,1.8000001,0.6000001
509.6577,2,2,2,0
909.7896,1.4000001,1.2,1.8000001,0.6000001
756.17554,1.4000001,1.2,1.8000001,0.6000001
216.07784,1,1,1,0
1963.8356,1.55,1.2,1.9000001,0.7000001
1040.9895,1.4,1.2,1.8000001,0.6000001
299.29138,1,1,1,0
1473.8378,1.4,1.2,1.8000001,0.6000001
473.1016,2,2,2,0
1105.7794,1.4000001,1.2,1.8000001,0.6000001
608.6943,1.4000001,1.2,1.8000001,0.6000001
222.30774,1,1,1,0
2228.7715,1.72,1.2,2.6000001,1.4000001
1156.6271,1.4,1.2,1.8000001,0.6000001
267.20825,1,1,1,0
1601.0721,1.4,1.2,1.8000001,0.6000001
437.6094,2,2,2,0
1312.4396,1.4000001,1.2,1.8000001,0.6000001
476.96194,1.9666667,1.9000001,2,0.0999999
224.7904,1,1,1,0
2024.3027,1.7333333,1.2,2.6666667,1.4666667
1273.2094,1.4,1.2,1.8000001,0.6000001
222.44032,1,1,1,0
1727.4442,1.4,1.2,1.8000001,0.6000001
395.65714,2,2,2,0
1499.5421,1.4000001,1.2,1.8000001,0.6000001
354.81107,2,2,2,0
221.19554,1,1,1,0
1826.8597,1.7333333,1.2,2.6666667,1.4666667
1387.0985,1.4,1.2,1.8000001,0.6000001
205.22984,1,1,1,0
1863.9341,1.4,1.2,1.8000001,0.6000001
344.36465,2,2,2,0
1694.2051,1.4000001,1.2,1.8000001,0.6000001
341.35342,2,2,2,0
220.19917,1,1,1,0
1641.6843,1.7333333,1.2,2.6666667,1.4666667
1476.192,1.4,1.2,1.8000001,0.6000001
196.4386,1,1,1,0
1086.9114,0.9,0.8,1,0.2
2015.6774,1.4,1.2,1.8000001,0.6000001
285.51672,2,2,2,0
174.947,1.1,1,1.2,0.2
949.4772,2.0066667,1.2,2.7333333,1.5333333
1505.1337,2.19,1.6,3.45,1.85
1581.9243,1.4,1.2,1.8000001,0.6000001
191.20305,1,1,1,0
923.5645,1,1,1,0
2191.4724,1.4,1.2,1.8000001,0.6000001
234.9018,2,2,2,0
168.44928,1,1,1,0
819.3795,2.04,1.2,2.8000002,1.6000002
1381.9529,2.22,1.6,3.5,1.9
1649.7919,1.4,1.2,1.8000001,0.6000001
179.48753,1,1,1,0
770.566,1,1,1,0
757.1188,1.1,1,1.2,0.2
185.2907,2,2,2,0
173.05612,1,1,1,0
849.1304,2.04,1.2,2.8000002,1.6000002
1267.8363,2.733333,2.1,3.5,1.4
1674.6405,1.4,1.2,1.8000001,0.6000001
157.14853,1,1,1,0
641.9524,1,1,1,0
139.51152,2,2,2,0
162.37389,1,1,1,0
949.3395,2.04,1.2,2.8000002,1.6000002
1138.1697,2.8600001,2.3,3.7,1.4
1689.6222,1.4,1.2,1.8000001,0.6000001
137.83336,1,1,1,0
491.51102,1,1,1,0
173.31071,2,2,2,0
148.46124,1,1,1,0
1072.9818,2.04,1.2,2.8000002,1.6000002
1026.5815,2.8600001,2.3,3.7,1.4
2313.493,1.475,1,1.9000001,0.9000001
105.005394,1,1,1,0
354.92963,1,1,1,0
200.4058,2,2,2,0
127.486374,1,1,1,0
1178.595,2.04,1.2,2.8000002,1.6000002
3168.0635,2.462963,1.2,3.7,2.5
63.379105,1,1,1,0
214.89421,1,1,1,0
248.20174,2,2,2,0
115.78387,1,1,1,0
1360.0985,2.04,1.2,2.8000002,1.6000002
3241.5732,2.4796298,1.2,3.75,2.55
20.16557,1,1,1,0
84.460495,1,1,1,0
296.31284,2,2,2,0
105.555,1,1,1,0
1546.9513,2.04,1.2,2.8000002,1.6000002
2035.4635,2.7416668,1.4000001,3.75,2.3499999
39.051224,1,1,1,0
1643.7456,1.4000001,1.2,1.8000001,0.6000001
41.242073,1,1,1,0
357.21286,2,2,2,0
96.267944,1,1,1,0
1745.6836,2.04,1.2,2.8000002,1.6000002
2732.231,2.6404762,1.4000001,3.75,2.3499999
101.73197,1,1,1,0
1595.2494,1.4000001,1.2,1.8000001,0.6000001
169.19345,1,1,1,0
457.36868,2,2,2,0
89.24209,1,1,1,0
855.8359,0.9,0.8,1,0.2
1399.1265,1.625,1.2,2.1,0.9
2651.7754,2.945238,1.4000001,3.8000002,2.4000001
182.15508,1,1,1,0
1549.9727,1.4000001,1.2,1.8000001,0.6000001
302.21548,1,1,1,0
556.2569,2,2,2,0
87.64302,1,1,1,0
839.0385,1,1,1,0
1472.5565,1.55,1.2,1.9000001,0.7000001
2562.4595,2.4714284,1.4000001,3.9,2.4999999
268.64893,1,1,1,0
1493.7377,1.4000001,1.2,1.8000001,0.6000001
459.72424,1,1,1,0
674.26874,2,2,2,0
90.67365,1,1,1,0
809.65717,1,1,1,0
1543.5308,1.55,1.2,1.9000001,0.7000001
2491.9282,2.3761904,1.2,3.7,2.5
374.3786,1,1,1,0
1401.2946,1.4000001,1.2,1.8000001,0.6000001
639.4468,1,1,1,0
789.0032,2,2,2,0
96.2157,1,1,1,0
781.04443,1,1,1,0
1586.3962,1.55,1.2,1.9000001,0.7000001
2437.0105,2.1,1.2,3.7,2.5
478.82025,1,1,1,0
1308.3364,1.4000001,1.2,1.8000001,0.6000001
831.9182,1,1,1,0
902.5957,2,2,2,0
100.8426,1,1,1,0
627.5284,0.9,0.8,1,0.2
723.00073,1,1,1,0
1614.4073,1.55,1.2,1.9000001,0.7000001
2396.2976,2.085714,1.2,3.6000001,2.4000001
607.3887,1,1,1,0
1231.7079,1.4000001,1.2,1.8000001,0.6000001
1040.1499,1.4666667,1.2,2,0.8
107.40843,1,1,1,0
608.6282,1,1,1,0
661.34485,1,1,1,0
725.4724,1.4,1.2,1.8000001,0.6000001
2080.965,2.15,1.2,3.6000001,2.4000001
753.80145,1,1,1,0
1139.7704,1.4000001,1.2,1.8000001,0.6000001
1161.9308,1.4,1.2,1.8000001,0.6000001
110.79156,1,1,1,0
604.16125,1,1,1,0
578.8825,1,1,1,0
724.25543,1.4,1.2,1.8000001,0.6000001
2079.375,2.1416667,1.2,3.55,2.35
914.42865,1,1,1,0
1065.4198,1.4000001,1.2,1.8000001,0.6000001
1235.7428,1.4,1.2,1.8000001,0.6000001
109.35684,1,1,1,0
575.309,1,1,1,0
477.43137,1,1,1,0
715.45074,1.9333334,1.9000001,2,0.0999999
2087.2703,2.363889,1.2,3.55,2.35
990.98004,1.9666667,1.9000001,2,0.0999999
907.20245,0.9,0.8,1,0.2
1180.6844,1.4,1.2,1.8000001,0.6000001
108.09586,1,1,1,0
540.1166,1,1,1,0
392.0609,1,1,1,0
708.04755,2,2,2,0
2038.9218,2.4138892,1.2,3.65,2.45
910.41766,2,2,2,0
838.60266,1,1,1,0
1134.6183,1.4,1.2,1.8000001,0.6000001
104.71769,1,1,1,0
496.13614,1,1,1,0
309.00592,1,1,1,0
678.2535,2,2,2,0
2102.9536,2.4138892,1.2,3.65,2.45
830.17633,2,2,2,0
182.97343,0.9,0.8,1,0.2
773.2389,1,1,1,0
1072.8976,1.4,1.2,1.8000001,0.6000001
100.29186,1,1,1,0
426.42813,1,1,1,0
231.52618,1,1,1,0
640.2171,2,2,2,0
2085.465,2.0777776,1.2,2.8666668,1.6666668
809.7503,2,2,2,0
115.74864,1,1,1,0
725.4297,1,1,1,0
1032.1316,1.4,1.2,1.8000001,0.6000001
95.965866,1,1,1,0
343.0836,1,1,1,0
153.86919,1,1,1,0
604.6767,2,2,2,0
2073.367,2.0777776,1.2,2.8666668,1.6666668
831.5795,1.4000001,1.2,1.8000001,0.6000001
11.283184,1,1,1,0
682.49896,1,1,1,0
1001.654,1.4,1.2,1.8000001,0.6000001
95.123116,1,1,1,0
260.3534,1,1,1,0
80.05431,1,1,1,0
575.398,2,2,2,0
2046.7059,2.0777776,1.2,2.8666668,1.6666668
3.7151918,1.1,1,1.2,0.2
94.97943,1,1,1,0
637.3178,1,1,1,0
1018.1733,1.4,1.2,1.8000001,0.6000001
92.82669,1,1,1,0
183.51651,1,1,1,0
22.487623,1,1,1,0
562.8133,2,2,2,0
2040.0273,2.4277778,1.4000001,3.6000001,2.2
946.64496,1.2666668,1,1.8000001,0.8000001
170.5141,1,1,1,0
592.0993,1,1,1,0
1057.2947,1.4,1.2,1.8000001,0.6000001
87.9659,1,1,1,0
110.63577,1,1,1,0
19.7037,1,1,1,0
548.5037,2,2,2,0
2040.4552,2.4361112,1.4000001,3.65,2.2499999
18.051481,1.1,1,1.2,0.2
215.14659,1,1,1,0
555.98944,1,1,1,0
1110.2278,1.4,1.2,1.8000001,0.6000001
74.481705,1,1,1,0
47.753544,1,1,1,0
1399.3915,2.0333333,1.2,2.7333333,1.5333333
39.116364,1,1,1,0
2066.7427,2.4361112,1.4000001,3.65,2.2499999
23.900324,1,1,1,0
220.13751,1,1,1,0
533.73724,1,1,1,0
1216.9528,1.4,1.2,1.8000001,0.6000001
54.53303,1,1,1,0
2.1569984,1,1,1,0
1295.5789,2.0833333,1.4000001,2.7333333,1.3333332
85.39745,1,1,1,0
2109.1987,2.6972225,2.2,3.65,1.45
17.442867,1,1,1,0
1487.424,1.5250001,1.2,1.9000001,0.7000001
517.7249,1,1,1,0
1249.7115,1.4,1.2,1.8000001,0.6000001
40.415615,1,1,1,0
1207.7561,2.0833333,1.4000001,2.7333333,1.3333332
98.371315,1,1,1,0
2139.174,2.3833334,2.1,2.9333334,0.8333334
29.844051,1,1,1,0
1447.1332,1.55,1.2,1.9000001,0.7000001
484.8638,1,1,1,0
1149.349,1.4,1.2,1.8000001,0.6000001
28.304028,1,1,1,0
1135.3027,2.4916668,2.1,2.8666668,0.7666668
115.115746,1,1,1,0
2163.2363,2.3555555,2.1,2.8666668,0.7666668
19.440462,1,1,1,0
1391.1583,1.55,1.2,1.9000001,0.7000001
453.24063,1,1,1,0
2450.2102,1.475,1,1.9000001,0.9000001
10.860209,1,1,1,0
1033.8323,2.5333333,2.2,2.8666668,0.6666668
131.85484,1,1,1,0
2257.6667,2.3555555,2.1,2.8666668,0.7666668
17.772545,1,1,1,0
1313.0922,1.55,1.2,1.9000001,0.7000001
413.854,1,1,1,0
2446.0793,1.5500001,1.2,1.9000001,0.7000001
11.182448,1,1,1,0
948.3496,2.5333333,2.2,2.8666668,0.6666668
149.33609,1,1,1,0
1766.6104,1.9833333,1.2,2.7333333,1.5333333
4.1023855,1,1,1,0
1230.3124,1.55,1.2,1.9000001,0.7000001
824.33295,2,2,2,0
381.5142,1,1,1,0
2418.3855,1.5500001,1.2,1.9000001,0.7000001
26.45334,1,1,1,0
853.36816,2.5333333,2.2,2.8666668,0.6666668
160.28412,1,1,1,0
1710.8014,2.0833333,1.4000001,2.7333333,1.3333332
1459.0438,1.5250001,1.2,1.9000001,0.7000001
1138.644,1.55,1.2,1.9000001,0.7000001
866.8904,2,2,2,0
328.55014,1,1,1,0
2395.8489,1.5500001,1.2,1.9000001,0.7000001
40.16939,1,1,1,0
757.6432,2.5333333,2.2,2.8666668,0.6666668
1741.4077,2.0833333,1.4000001,2.7333333,1.3333332
1395.7621,1.55,1.2,1.9000001,0.7000001
1054.3052,1.55,1.2,1.9000001,0.7000001
901.08905,2,2,2,0
291.6494,1,1,1,0
2356.2104,1.5500001,1.2,1.9000001,0.7000001
53.354343,1,1,1,0
667.6374,2.5333333,2.2,2.8666668,0.6666668
1781.3137,2.0833333,1.4000001,2.7333333,1.3333332
1361.4954,1.55,1.2,1.9000001,0.7000001
1009.1333,1.55,1.2,1.9000001,0.7000001
938.18726,2,2,2,0
218.96448,1,1,1,0
1148.9475,1.4000001,1.2,1.8000001,0.6000001
65.42473,1,1,1,0
583.35565,2.5333333,2.2,2.8666668,0.6666668
1801.895,2.0833333,1.4000001,2.7333333,1.3333332
1310.57,2.0166667,1.4000001,2.6666667,1.2666666
958.2363,1.55,1.2,1.9000001,0.7000001
970.6887,2,2,2,0
152.30727,1,1,1,0
1112.7697,1.4000001,1.2,1.8000001,0.6000001
75.17933,1,1,1,0
513.46454,2.95,2.9333334,3,0.0666666
1830.3208,1.65,1.2,2.1,0.9
1255.9282,2.0833333,1.4000001,2.7333333,1.3333332
954.7572,2.45,2.2,2.7333333,0.5333333
992.14777,2,2,2,0
85.24164,1,1,1,0
1086.6246,1.4000001,1.2,1.8000001,0.6000001
83.15934,1,1,1,0
448.16742,3,3,3,0
1845.2869,1.5500001,1.2,1.9000001,0.7000001
1215.4437,2.0833333,1.4000001,2.7333333,1.3333332
948.2423,2.9166667,2.8666668,3,0.1333332
1020.9122,2,2,2,0
23.497272,1,1,1,0
1088.9232,1.4000001,1.2,1.8000001,0.6000001
97.011406,1,1,1,0
430.08313,3,3,3,0
1886.8663,1.5500001,1.2,1.9000001,0.7000001
1181.9664,2.0833333,1.4000001,2.7333333,1.3333332
925.579,3,3,3,0
1070.343,2,2,2,0
44.559204,1,1,1,0
1131.8424,1.4000001,1.2,1.8000001,0.6000001
113.19002,1,1,1,0
405.49683,3,3,3,0
3333.2344,1.7428572,1.2,2,0.8
1153.6575,2.0833333,1.4000001,2.7333333,1.3333332
893.66064,3,3,3,0
117.00131,1,1,1,0
1174.6699,1.4000001,1.2,1.8000001,0.6000001
126.55575,1,1,1,0
415.0028,3,3,3,0
477.20682,1.4000001,1.2,1.8000001,0.6000001
838.5532,1.1,1,1.2,0.2
1094.094,2.0833333,1.4000001,2.7333333,1.3333332
847.6914,3,3,3,0
361.11914,1,1,1,0
201.25427,1,1,1,0
1225.1832,1.4000001,1.2,1.8000001,0.6000001
139.76173,1,1,1,0
403.93063,3,3,3,0
435.40768,1.4000001,1.2,1.8000001,0.6000001
727.3317,1,1,1,0
1044.7,2.0833333,1.4000001,2.7333333,1.3333332
800.5312,3,3,3,0
378.32663,1,1,1,0
289.06522,1,1,1,0
1245.7574,1.4000001,1.2,1.8000001,0.6000001
163.6398,1,1,1,0
368.1247,3,3,3,0
406.6738,1.4000001,1.2,1.8000001,0.6000001
632.53455,1,1,1,0
979.19885,2.0833333,1.4000001,2.7333333,1.3333332
747.9068,2.5833333,2.2,3,0.8
418.45425,1,1,1,0
386.7744,1,1,1,0
180.22942,1,1,1,0
445.98148,1.1,1,1.2,0.2
355.11145,3,3,3,0
394.57895,1.4000001,1.2,1.8000001,0.6000001
571.6949,1,1,1,0
480.30487,0.9,0.8,1,0.2
978.66815,2.4583333,2.1,2.8000002,0.7000002
693.2988,2.5333333,2.2,2.8666668,0.6666668
445.37067,1,1,1,0
478.34662,1,1,1,0
1243.2745,1.3333334,1,1.8000001,0.8000001
176.71849,1,1,1,0
286.80173,3,3,3,0
392.3738,1.4000001,1.2,1.8000001,0.6000001
513.30884,1,1,1,0
290.62616,1,1,1,0
1033.8551,2.5333333,2.2,2.8666668,0.6666668
623.32916,2.5333333,2.2,2.8666668,0.6666668
444.01163,1,1,1,0
576.54645,1,1,1,0
1204.9989,1.4,1.2,1.8000001,0.6000001
160.94064,1,1,1,0
313.93176,3,3,3,0
380.84924,1.4000001,1.2,1.8000001,0.6000001
445.05396,1,1,1,0
118.28784,1,1,1,0
1074.9025,2.0833335,1.4000001,2.7333333,1.3333332
583.5578,2.5333333,2.2,2.8666668,0.6666668
434.08694,1,1,1,0
689.34033,1,1,1,0
1171.6459,1.4,1.2,1.8000001,0.6000001
130.2101,1,1,1,0
335.70312,3,3,3,0
386.68848,1.4000001,1.2,1.8000001,0.6000001
369.3811,1,1,1,0
29.986258,1,1,1,0
1138.7953,2.0833335,1.4000001,2.7333333,1.3333332
532.17114,2.5333333,2.2,2.8666668,0.6666668
429.633,1,1,1,0
839.00336,1,1,1,0
1129.6481,1.4,1.2,1.8000001,0.6000001
81.3279,1,1,1,0
362.05624,3,3,3,0
465.84225,1.4000001,1.2,1.8000001,0.6000001
306.0239,1,1,1,0
166.39792,1,1,1,0
526.2199,2.5333333,2.2,2.8666668,0.6666668
416.18597,1,1,1,0
999.85925,1,1,1,0
1523.4366,1.5250001,1.2,1.9000001,0.7000001
26.503157,1,1,1,0
371.74008,3,3,3,0
350.8739,2.0333333,2,2.1,0.1
563.9681,1.4000001,1.2,1.8000001,0.6000001
248.99722,1,1,1,0
265.2329,1,1,1,0
651.85254,2.5333333,2.2,2.8666668,0.6666668
415.35007,1,1,1,0
1385.1704,1.55,1.2,1.9000001,0.7000001
1579.4213,1.3666668,1.2,1.7,0.5
365.24664,3,3,3,0
284.24625,2,2,2,0
630.2159,1.4000001,1.2,1.8000001,0.6000001
205.44092,1,1,1,0
370.362,1,1,1,0
776.8949,2.5333333,2.2,2.8666668,0.6666668
410.5583,1,1,1,0
1270.9761,1.55,1.2,1.9000001,0.7000001
117.56125,1,1,1,0
315.22043,3,3,3,0
242.55157,2,2,2,0
682.12476,1.4000001,1.2,1.8000001,0.6000001
161.68858,1,1,1,0
465.2443,1,1,1,0
917.47516,2.5333333,2.2,2.8666668,0.6666668
367.9596,1,1,1,0
727.88086,1.9666667,1.9000001,2,0.0999999
241.98833,1,1,1,0
319.08554,3,3,3,0
216.31532,2,2,2,0
693.3012,1.4000001,1.2,1.8000001,0.6000001
114.55608,1,1,1,0
546.3752,1,1,1,0
1079.4442,2.5333333,2.2,2.8666668,0.6666668
291.47992,1,1,1,0
589.6595,2,2,2,0
391.30157,1,1,1,0
377.1726,3,3,3,0
208.0467,2,2,2,0
718.31445,1.4000001,1.2,1.8000001,0.6000001
65.97978,1,1,1,0
631.58765,1,1,1,0
1241.1871,2.0833335,1.4000001,2.7333333,1.3333332
154.23895,1,1,1,0
535.4655,2,2,2,0
533.06635,1,1,1,0
440.71515,3,3,3,0
223.65071,2,2,2,0
757.2539,1.4000001,1.2,1.8000001,0.6000001
9.1548195,1,1,1,0
695.93787,1,1,1,0
1413.6248,2.0833335,1.4000001,2.7333333,1.3333332
493.54105,2,2,2,0
495.31726,3,3,3,0
224.42358,2,2,2,0
751.98236,1.4000001,1.2,1.8000001,0.6000001
59.126633,1,1,1,0
715.89154,1,1,1,0
1602.657,1.6500001,1.2,2.1,0.9
452.95667,2,2,2,0
552.8567,3,3,3,0
239.04936,2,2,2,0
788.12665,1.4000001,1.2,1.8000001,0.6000001
142.0021,1,1,1,0
737.21204,1,1,1,0
1812.6381,1.55,1.2,1.9000001,0.7000001
553.559,2,2,2,0
620.9056,3,3,3,0
301.40793,2,2,2,0
809.507,1.4000001,1.2,1.8000001,0.6000001
1335.3257,1.2666668,1,1.8000001,0.8000001
740.88226,1,1,1,0
2028.0781,1.55,1.2,1.9000001,0.7000001
635.30035,2,2,2,0
698.0931,3,3,3,0
379.2294,2,2,2,0
835.76605,1.4000001,1.2,1.8000001,0.6000001
1318.7288,1.4000001,1.2,1.8000001,0.6000001
730.0429,1,1,1,0
2233.9827,1.55,1.2,1.9000001,0.7000001
711.9616,2,2,2,0
805.001,3,3,3,0
467.98047,2,2,2,0
866.78143,1.4000001,1.2,1.8000001,0.6000001
1305.4738,1.4000001,1.2,1.8000001,0.6000001
743.56683,1,1,1,0
1812.9292,1.4000001,1.2,1.8000001,0.6000001
761.97437,2,2,2,0
932.39905,3,3,3,0
576.4278,2,2,2,0
1125.6353,0.9,0.8,1,0.2
879.9224,1.4000001,1.2,1.8000001,0.6000001
1284.1036,1.4000001,1.2,1.8000001,0.6000001
774.76733,1,1,1,0
2018.1016,1.4000001,1.2,1.8000001,0.6000001
838.1796,2,2,2,0
1081.7964,2.1083333,1.4000001,2.7333333,1.3333332
688.1985,2,2,2,0
1073.3292,1,1,1,0
861.1355,1.4000001,1.2,1.8000001,0.6000001
1257.6841,1.4000001,1.2,1.8000001,0.6000001
809.30396,1,1,1,0
594.0766,1.1,1,1.2,0.2
920.46893,2,2,2,0
1239.1182,1.6250001,1.2,2,0.8
795.29956,2,2,2,0
999.73627,1,1,1,0
837.5961,1.4000001,1.2,1.8000001,0.6000001
1260.4178,1.4000001,1.2,1.8000001,0.6000001
641.9073,1,1,1,0
1008.92755,2,2,2,0
708.59235,1.4333334,1.2,1.9000001,0.7000001
931.8134,1.4333334,1.2,1.9000001,0.7000001
997.53186,1,1,1,0
809.38794,1.4000001,1.2,1.8000001,0.6000001
1267.2985,1.4000001,1.2,1.8000001,0.6000001
679.68195,1,1,1,0
1086.4697,2,2,2,0
337.35474,0.9,0.8,1,0.2
793.55865,1.4,1.2,1.8000001,0.6000001
1084.8677,1.4,1.2,1.8000001,0.6000001
1010.72296,1,1,1,0
816.8792,1.4000001,1.2,1.8000001,0.6000001
707.5228,1,1,1,0
1151.9349,2,2,2,0
374.83517,1,1,1,0
856.6941,1.4,1.2,1.8000001,0.6000001
691.10535,1.1,1,1.2,0.2
73.35033,1,1,1,0
992.1605,1,1,1,0
845.25244,1.4000001,1.2,1.8000001,0.6000001
740.22815,1,1,1,0
1236.5375,1.4333334,1.2,1.9000001,0.7000001
397.0235,1,1,1,0
952.861,1.4,1.2,1.8000001,0.6000001
626.4168,1,1,1,0
90.95417,1,1,1,0
963.63617,1,1,1,0
858.1802,1.4000001,1.2,1.8000001,0.6000001
762.85876,1,1,1,0
1395.8126,1.4,1.2,1.8000001,0.6000001
396.4143,1,1,1,0
1034.2736,1.4,1.2,1.8000001,0.6000001
538.4083,1,1,1,0
102.1063,1,1,1,0
936.8173,1,1,1,0
901.9506,1.4000001,1.2,1.8000001,0.6000001
766.9302,1,1,1,0
595.40814,1,1,1,0
392.8836,1,1,1,0
1089.3257,1.4,1.2,1.8000001,0.6000001
452.42035,1,1,1,0
104.17551,1,1,1,0
865.3723,1,1,1,0
970.5669,1.4000001,1.2,1.8000001,0.6000001
759.9452,1,1,1,0
593.9367,1,1,1,0
365.55026,1,1,1,0
1129.5127,1.4,1.2,1.8000001,0.6000001
361.16992,1,1,1,0
107.745514,1,1,1,0
775.0027,1,1,1,0
1017.41266,1.4000001,1.2,1.8000001,0.6000001
727.04095,1,1,1,0
556.18384,1,1,1,0
333.36984,1,1,1,0
1151.9886,1.4,1.2,1.8000001,0.6000001
291.18546,1,1,1,0
101.42823,1,1,1,0
712.0988,1,1,1,0
1055.3828,1.4000001,1.2,1.8000001,0.6000001
1070.6896,0.9,0.8,1,0.2
517.1053,1,1,1,0
315.3711,1,1,1,0
120.719246,1,1,1,0
221.69753,1,1,1,0
96.99015,1,1,1,0
647.2983,1,1,1,0
1112.1842,1.4000001,1.2,1.8000001,0.6000001
263.35394,0.9,0.8,1,0.2
1017.51294,1,1,1,0
469.37973,1,1,1,0
298.65707,1,1,1,0
118.71191,1,1,1,0
155.8869,1,1,1,0
86.16955,1,1,1,0
570.6388,1,1,1,0
1203.8207,1.4000001,1.2,1.8000001,0.6000001
238.8933,1,1,1,0
985.0878,1,1,1,0
417.08356,1,1,1,0
276.99203,1,1,1,0
110.995255,1,1,1,0
86.51157,1,1,1,0
65.46855,1,1,1,0
497.86612,1,1,1,0
1310.3433,1.4000001,1.2,1.8000001,0.6000001
199.48576,1,1,1,0
1220.2214,1.3333334,1,1.8000001,0.8000001
949.6934,1,1,1,0
250.9448,1,1,1,0
112.1543,1,1,1,0
27.35727,1,1,1,0
32.194336,1,1,1,0
449.3561,1,1,1,0
1426.2759,1.4000001,1.2,1.8000001,0.6000001
165.54538,1,1,1,0
1105.0414,1.9333334,1.9000001,2,0.0999999
792.8922,0.9,0.8,1,0.2
935.97577,1,1,1,0
230.09752,1,1,1,0
105.28462,1,1,1,0
14.043462,1,1,1,0
0.004038822,1,1,1,0
391.4741,1,1,1,0
1552.121,1.4000001,1.2,1.8000001,0.6000001
106.77215,1,1,1,0
988.3096,2,2,2,0
899.77545,1,1,1,0
907.4197,1,1,1,0
206.3004,1,1,1,0
92.7379,1,1,1,0
56.67301,1,1,1,0
0.15310672,1,1,1,0
325.4323,1,1,1,0
1673.6476,1.4000001,1.2,1.8000001,0.6000001
54.34662,1,1,1,0
853.7368,2,2,2,0
1002.9732,1,1,1,0
905.17883,1,1,1,0
170.06168,1,1,1,0
73.626236,1,1,1,0
100.23598,1,1,1,0
16.356894,1,1,1,0
257.4346,1,1,1,0
1767.517,1.4000001,1.2,1.8000001,0.6000001
988.163,1.3666668,1.2,1.7,0.5
741.868,2,2,2,0
1057.452,1,1,1,0
895.4617,1,1,1,0
131.59074,1,1,1,0
62.017776,1,1,1,0
120.63974,1,1,1,0
74.08351,1,1,1,0
191.18527,1,1,1,0
1868.0677,1.4000001,1.2,1.8000001,0.6000001
848.47656,1.4,1.2,1.8000001,0.6000001
655.4139,2,2,2,0
1087.9154,1,1,1,0
878.0894,1,1,1,0
96.94722,1,1,1,0
51.958344,1,1,1,0
131.52834,1,1,1,0
146.14873,1,1,1,0
137.19864,1,1,1,0
1928.2872,1.4000001,1.2,1.8000001,0.6000001
741.612,1.9000001,1.8000001,2,0.1999999
596.34564,2,2,2,0
1074.9237,1,1,1,0
874.35254,1,1,1,0
51.320847,1,1,1,0
68.00366,1,1,1,0
150.40393,1,1,1,0
236.61708,1,1,1,0
93.13993,1,1,1,0
1967.3815,1.4000001,1.2,1.8000001,0.6000001
641.68744,2,2,2,0
564.26483,2,2,2,0
999.8732,1,1,1,0
874.5973,1,1,1,0
5.181077,1,1,1,0
67.962166,1,1,1,0
184.6729,1,1,1,0
345.60742,1,1,1,0
80.989204,1,1,1,0
2417.9023,1.5500001,1.2,2.6000001,1.4000001
544.08484,2,2,2,0
516.0833,2,2,2,0
942.0192,1,1,1,0
871.5527,1,1,1,0
68.03368,1,1,1,0
68.39147,1,1,1,0
184.83333,1,1,1,0
458.5581,1,1,1,0
84.79004,1,1,1,0
2217.7234,1.7,1.4000001,2.6000001,1.2
456.99878,2,2,2,0
459.0992,2,2,2,0
836.1595,1,1,1,0
866.5802,1,1,1,0
147.10794,1,1,1,0
68.381065,1,1,1,0
195.92203,1,1,1,0
598.27423,1,1,1,0
140.50763,1,1,1,0
2032.8456,1.7,1.4000001,2.6000001,1.2
373.97824,2,2,2,0
513.8794,2,2,2,0
698.8601,1,1,1,0
854.9339,1,1,1,0
232.74576,1,1,1,0
69.40028,1,1,1,0
190.43602,1,1,1,0
751.0587,1,1,1,0
185.91853,1,1,1,0
1853.6675,1.7,1.4000001,2.6000001,1.2
289.43027,2,2,2,0
582.63885,2,2,2,0
1518.845,1.475,1,1.9000001,0.9000001
854.7309,1,1,1,0
68.54327,1,1,1,0
171.39221,1,1,1,0
927.3785,1,1,1,0
255.92667,1,1,1,0
1728.95,2.0583334,1.4000001,2.7333333,1.3333332
212.83955,2,2,2,0
672.4171,2,2,2,0
1341.1177,1.5500001,1.2,1.9000001,0.7000001
834.43536,1,1,1,0
66.58578,1,1,1,0
113.7669,1,1,1,0
1118.2126,1,1,1,0
344.63437,1,1,1,0
1598.8844,2.0833333,1.4000001,2.7333333,1.3333332
156.10448,2,2,2,0
770.08734,1.4333334,1.2,1.9000001,0.7000001
1146.7618,1.5500001,1.2,1.9000001,0.7000001
842.8268,1,1,1,0
88.66582,1,1,1,0
45.373634,1,1,1,0
457.75122,1,1,1,0
1563.9829,2.0833333,1.4000001,2.7333333,1.3333332
137.46733,2,2,2,0
880.66626,1.4,1.2,1.8000001,0.6000001
965.17975,1.5500001,1.2,1.9000001,0.7000001
853.4366,1,1,1,0
135.27534,1,1,1,0
55.092846,1,1,1,0
585.9286,1,1,1,0
1599.327,2.0833333,1.4000001,2.7333333,1.3333332
120.80131,2,2,2,0
1003.3338,1.4,1.2,1.8000001,0.6000001
850.3655,1.5500001,1.2,1.9000001,0.7000001
863.47455,1,1,1,0
168.06013,1,1,1,0
153.931,1,1,1,0
729.8207,1,1,1,0
1659.6102,2.0833333,1.4000001,2.7333333,1.3333332
166.83873,2,2,2,0
1110.3031,1.4,1.2,1.8000001,0.6000001
599.5311,1.4000001,1.2,1.8000001,0.6000001
874.569,1,1,1,0
210.87424,1,1,1,0
235.42033,1,1,1,0
883.87463,1,1,1,0
1707.7405,2.0833333,1.4000001,2.7333333,1.3333332
2661.9517,1.3333334,1,1.8000001,0.8000001
167.4486,2,2,2,0
32.007637,1.1,1,1.2,0.2
580.19147,1.4000001,1.2,1.8000001,0.6000001
271.69867,1,1,1,0
347.71692,1,1,1,0
1043.2404,1,1,1,0
1756.4105,2.0833333,1.4000001,2.7333333,1.3333332
2590.699,1.4,1.2,1.8000001,0.6000001
173.86565,2,2,2,0
7.0603695,1,1,1,0
547.4975,1.4000001,1.2,1.8000001,0.6000001
350.9635,1,1,1,0
470.2354,1,1,1,0
1808.777,2.0833333,1.4000001,2.7333333,1.3333332
2438.0166,1.4,1.2,1.8000001,0.6000001
180.0555,2,2,2,0
34.44304,1,1,1,0
514.55743,1.4000001,1.2,1.8000001,0.6000001
424.43472,1,1,1,0
603.6588,1,1,1,0
2288.7263,1.4,1.2,1.8000001,0.6000001
220.48088,2,2,2,0
74.06149,1,1,1,0
454.4977,1.4000001,1.2,1.8000001,0.6000001
778.82,2.0666666,2,2.1,0.1
499.52005,1,1,1,0
718.1784,1,1,1,0
2117.1985,1.4,1.2,1.8000001,0.6000001
258.80273,2,2,2,0
117.71446,1,1,1,0
437.16104,1.4000001,1.2,1.8000001,0.6000001
756.97906,2,2,2,0
599.6754,1,1,1,0
855.3162,1,1,1,0
1944.3966,1.4,1.2,1.8000001,0.6000001
293.58743,2,2,2,0
162.7344,1,1,1,0
379.57986,1.4000001,1.2,1.8000001,0.6000001
742.021,2,2,2,0
731.5302,1,1,1,0
1019.0852,1,1,1,0
1768.4186,1.4,1.2,1.8000001,0.6000001
337.31924,2,2,2,0
230.99155,1,1,1,0
345.27576,1.4000001,1.2,1.8000001,0.6000001
717.8259,2,2,2,0
2675.7776,1.2666668,1,1.8000001,0.8000001
1604.6007,1.4,1.2,1.8000001,0.6000001
376.55093,2,2,2,0
309.22006,1,1,1,0
1932.1521,1.5000001,1,1.9000001,0.9000001
678.54517,2,2,2,0
2675.9563,1.4000001,1.2,1.8000001,0.6000001
1462.4702,1.4,1.2,1.8000001,0.6000001
409.3898,2,2,2,0
416.01166,1,1,1,0
1908.9506,1.5500001,1.2,1.9000001,0.7000001
628.4014,2,2,2,0
667.1589,1.1,1,1.2,0.2
1369.1715,1.4,1.2,1.8000001,0.6000001
434.88223,2,2,2,0
547.22754,1,1,1,0
1866.0082,1.5500001,1.2,1.9000001,0.7000001
579.09375,2,2,2,0
510.34274,1,1,1,0
1416.6368,1.4,1.2,1.8000001,0.6000001
472.44504,1.4000001,1.2,1.8000001,0.6000001
698.73584,1,1,1,0
1806.3865,1.5500001,1.2,1.9000001,0.7000001
520.9829,2,2,2,0
354.6025,1,1,1,0
1471.5333,1.4,1.2,1.8000001,0.6000001
19.590307,1.1,1,1.2,0.2
866.9402,1,1,1,0
1747.5123,1.5500001,1.2,1.9000001,0.7000001
483.67715,2,2,2,0
207.08263,1,1,1,0
285.23123,1.1,1,1.2,0.2
24.556522,1,1,1,0
1049.8171,1,1,1,0
1670.6582,1.5500001,1.2,1.9000001,0.7000001
464.18457,2,2,2,0
71.36125,1,1,1,0
367.26895,1,1,1,0
28.387596,1,1,1,0
1596.9221,1.5500001,1.2,1.9000001,0.7000001
434.5814,2,2,2,0
74.488434,1,1,1,0
429.1991,1,1,1,0
30.660173,1,1,1,0
1528.5374,1.5500001,1.2,1.9000001,0.7000001
402.90073,2,2,2,0
233.17891,1,1,1,0
496.87683,1,1,1,0
30.970978,1,1,1,0
1475.3335,1.5500001,1.2,1.9000001,0.7000001
372.28806,2,2,2,0
555.3102,1,1,1,0
32.80519,1,1,1,0
1423.1774,1.5500001,1.2,1.9000001,0.7000001
341.0316,2,2,2,0
